2026-08-08 22:49:45,972 INFO sqlalchemy.engine.Engine BEGIN (implicit)
2026-08-08 22:49:45,973 INFO sqlalchemy.engine.Engine PRAGMA main.table_info("users")
2026-08-08 22:49:45,973 INFO sqlalchemy.engine.Engine [raw sql] ()
2026-08-08 22:49:45,977 INFO sqlalchemy.engine.Engine PRAGMA main.table_info("subjects")
2026-08-08 22:49:45,978 INFO sqlalchemy.engine.Engine [raw sql] ()
2026-08-08 22:49:45,980 INFO sqlalchemy.engine.Engine PRAGMA main.table_info("units")
2026-08-08 22:49:45,980 INFO sqlalchemy.engine.Engine [raw sql] ()
2026-08-08 22:49:45,983 INFO sqlalchemy.engine.Engine PRAGMA main.table_info("chapters")
2026-08-08 22:49:45,983 INFO sqlalchemy.engine.Engine [raw sql] ()
2026-08-08 22:49:45,985 INFO sqlalchemy.engine.Engine PRAGMA main.table_info("topics")
2026-08-08 22:49:45,985 INFO sqlalchemy.engine.Engine [raw sql] ()
2026-08-08 22:49:45,987 INFO sqlalchemy.engine.Engine PRAGMA main.table_info("concepts")
2026-08-08 22:49:45,987 INFO sqlalchemy.engine.Engine [raw sql] ()
2026-08-08 22:49:45,990 INFO sqlalchemy.engine.Engine PRAGMA main.table_info("knowledge_relations")
2026-08-08 22:49:45,991 INFO sqlalchemy.engine.Engine [raw sql] ()
2026-08-08 22:49:45,993 INFO sqlalchemy.engine.Engine PRAGMA main.table_info("projects")
2026-08-08 22:49:45,993 INFO sqlalchemy.engine.Engine [raw sql] ()
2026-08-08 22:49:45,997 INFO sqlalchemy.engine.Engine PRAGMA main.table_info("tasks")
2026-08-08 22:49:45,997 INFO sqlalchemy.engine.Engine [raw sql] ()
2026-08-08 22:49:45,999 INFO sqlalchemy.engine.Engine PRAGMA main.table_info("files")
2026-08-08 22:49:46,000 INFO sqlalchemy.engine.Engine [raw sql] ()
2026-08-08 22:49:46,003 INFO sqlalchemy.engine.Engine PRAGMA main.table_info("chunks")
2026-08-08 22:49:46,004 INFO sqlalchemy.engine.Engine [raw sql] ()
2026-08-08 22:49:46,007 INFO sqlalchemy.engine.Engine PRAGMA main.table_info("learning_progress")
2026-08-08 22:49:46,008 INFO sqlalchemy.engine.Engine [raw sql] ()
2026-08-08 22:49:46,012 INFO sqlalchemy.engine.Engine PRAGMA main.table_info("study_sessions")
2026-08-08 22:49:46,013 INFO sqlalchemy.engine.Engine [raw sql] ()
2026-08-08 22:49:46,017 INFO sqlalchemy.engine.Engine PRAGMA main.table_info("quizzes")
2026-08-08 22:49:46,018 INFO sqlalchemy.engine.Engine [raw sql] ()
2026-08-08 22:49:46,020 INFO sqlalchemy.engine.Engine PRAGMA main.table_info("questions")
2026-08-08 22:49:46,022 INFO sqlalchemy.engine.Engine [raw sql] ()
2026-08-08 22:49:46,026 INFO sqlalchemy.engine.Engine PRAGMA main.table_info("quiz_responses")
2026-08-08 22:49:46,027 INFO sqlalchemy.engine.Engine [raw sql] ()
2026-08-08 22:49:46,031 INFO sqlalchemy.engine.Engine PRAGMA main.table_info("memories")
2026-08-08 22:49:46,032 INFO sqlalchemy.engine.Engine [raw sql] ()
2026-08-08 22:49:46,035 INFO sqlalchemy.engine.Engine PRAGMA main.table_info("flashcards")
2026-08-08 22:49:46,037 INFO sqlalchemy.engine.Engine [raw sql] ()
2026-08-08 22:49:46,040 INFO sqlalchemy.engine.Engine PRAGMA main.table_info("study_plans")
2026-08-08 22:49:46,040 INFO sqlalchemy.engine.Engine [raw sql] ()
2026-08-08 22:49:46,045 INFO sqlalchemy.engine.Engine PRAGMA main.table_info("chat_history")
2026-08-08 22:49:46,046 INFO sqlalchemy.engine.Engine [raw sql] ()
2026-08-08 22:49:46,048 INFO sqlalchemy.engine.Engine PRAGMA main.table_info("whiteboards")
2026-08-08 22:49:46,049 INFO sqlalchemy.engine.Engine [raw sql] ()
2026-08-08 22:49:46,053 INFO sqlalchemy.engine.Engine PRAGMA main.table_info("notifications")
2026-08-08 22:49:46,054 INFO sqlalchemy.engine.Engine [raw sql] ()
2026-08-08 22:49:46,057 INFO sqlalchemy.engine.Engine PRAGMA table_info(users)
2026-08-08 22:49:46,058 INFO sqlalchemy.engine.Engine [raw sql] ()
2026-08-08 22:49:46,061 INFO sqlalchemy.engine.Engine PRAGMA table_info(quizzes)
2026-08-08 22:49:46,061 INFO sqlalchemy.engine.Engine [raw sql] ()
2026-08-08 22:49:46,065 INFO sqlalchemy.engine.Engine COMMIT
INFO:     127.0.0.1:37141 - "GET /api/health HTTP/1.1" 200 OK
2026-08-08 22:50:12,374 INFO sqlalchemy.engine.Engine BEGIN (implicit)
2026-08-08 22:50:12,627 INFO sqlalchemy.engine.Engine SELECT users.id, users.email, users.username, users.full_name, users.hashed_password, users.role, users.avatar_url, users.university, users.course, users.semester, users.education_level, users.occupation, users.domain, users.learning_mode, users.preferences, users.is_active, users.is_verified, users.created_at, users.updated_at 
FROM users 
WHERE users.email = ?
2026-08-08 22:50:12,630 INFO sqlalchemy.engine.Engine [generated in 0.00359s] ('harshanseliyan28@gmail.com',)
2026-08-08 22:50:12,632 INFO sqlalchemy.engine.Engine BEGIN (implicit)
2026-08-08 22:50:12,634 INFO sqlalchemy.engine.Engine SELECT users.id, users.email, users.username, users.full_name, users.hashed_password, users.role, users.avatar_url, users.university, users.course, users.semester, users.education_level, users.occupation, users.domain, users.learning_mode, users.preferences, users.is_active, users.is_verified, users.created_at, users.updated_at 
FROM users 
WHERE users.email = ?
2026-08-08 22:50:12,635 INFO sqlalchemy.engine.Engine [cached since 0.008496s ago] ('harshanseliyan28@gmail.com',)
2026-08-08 22:50:12,637 INFO sqlalchemy.engine.Engine BEGIN (implicit)
2026-08-08 22:50:12,637 INFO sqlalchemy.engine.Engine SELECT users.id, users.email, users.username, users.full_name, users.hashed_password, users.role, users.avatar_url, users.university, users.course, users.semester, users.education_level, users.occupation, users.domain, users.learning_mode, users.preferences, users.is_active, users.is_verified, users.created_at, users.updated_at 
FROM users 
WHERE users.email = ?
2026-08-08 22:50:12,638 INFO sqlalchemy.engine.Engine [cached since 0.0122s ago] ('harshanseliyan28@gmail.com',)
2026-08-08 22:50:12,640 INFO sqlalchemy.engine.Engine BEGIN (implicit)
2026-08-08 22:50:12,641 INFO sqlalchemy.engine.Engine SELECT users.id, users.email, users.username, users.full_name, users.hashed_password, users.role, users.avatar_url, users.university, users.course, users.semester, users.education_level, users.occupation, users.domain, users.learning_mode, users.preferences, users.is_active, users.is_verified, users.created_at, users.updated_at 
FROM users 
WHERE users.email = ?
2026-08-08 22:50:12,644 INFO sqlalchemy.engine.Engine [cached since 0.01762s ago] ('harshanseliyan28@gmail.com',)
INFO:     127.0.0.1:63062 - "GET /api/auth/me HTTP/1.1" 200 OK
2026-08-08 22:50:12,650 INFO sqlalchemy.engine.Engine ROLLBACK
2026-08-08 22:50:12,660 INFO sqlalchemy.engine.Engine SELECT subjects.id, subjects.user_id, subjects.name, subjects.description, subjects.university, subjects.semester, subjects.subject_code, subjects.icon, subjects.color, subjects.syllabus, subjects.extra_metadata, subjects.created_at, subjects.updated_at 
FROM subjects 
WHERE subjects.user_id = ? ORDER BY subjects.created_at DESC
2026-08-08 22:50:12,662 INFO sqlalchemy.engine.Engine [generated in 0.00234s] ('4796a7af3dad452e825d3bd45d386cca',)
2026-08-08 22:50:12,667 INFO sqlalchemy.engine.Engine SELECT subjects.id, subjects.user_id, subjects.name, subjects.description, subjects.university, subjects.semester, subjects.subject_code, subjects.icon, subjects.color, subjects.syllabus, subjects.extra_metadata, subjects.created_at, subjects.updated_at 
FROM subjects 
WHERE subjects.user_id = ?
2026-08-08 22:50:12,668 INFO sqlalchemy.engine.Engine [generated in 0.00085s] ('4796a7af3dad452e825d3bd45d386cca',)
2026-08-08 22:50:12,676 INFO sqlalchemy.engine.Engine SELECT notifications.id, notifications.user_id, notifications.title, notifications.message, notifications.notification_type, notifications.is_read, notifications.action_url, notifications.created_at 
FROM notifications 
WHERE notifications.user_id = ? ORDER BY notifications.created_at DESC
 LIMIT ? OFFSET ?
2026-08-08 22:50:12,677 INFO sqlalchemy.engine.Engine [generated in 0.00495s] ('4796a7af3dad452e825d3bd45d386cca', 50, 0)
INFO:     127.0.0.1:63064 - "GET /api/subjects/ HTTP/1.1" 200 OK
2026-08-08 22:50:12,683 INFO sqlalchemy.engine.Engine ROLLBACK
INFO:     127.0.0.1:1363 - "GET /api/notifications HTTP/1.1" 200 OK
2026-08-08 22:50:12,706 INFO sqlalchemy.engine.Engine ROLLBACK
2026-08-08 22:50:12,710 INFO sqlalchemy.engine.Engine SELECT units.id, units.subject_id, units.name, units.description, units."order", units.created_at 
FROM units
2026-08-08 22:50:12,711 INFO sqlalchemy.engine.Engine [generated in 0.00079s] ()
2026-08-08 22:50:12,716 INFO sqlalchemy.engine.Engine BEGIN (implicit)
2026-08-08 22:50:12,718 INFO sqlalchemy.engine.Engine SELECT users.id, users.email, users.username, users.full_name, users.hashed_password, users.role, users.avatar_url, users.university, users.course, users.semester, users.education_level, users.occupation, users.domain, users.learning_mode, users.preferences, users.is_active, users.is_verified, users.created_at, users.updated_at 
FROM users 
WHERE users.email = ?
2026-08-08 22:50:12,719 INFO sqlalchemy.engine.Engine [cached since 0.09278s ago] ('harshanseliyan28@gmail.com',)
2026-08-08 22:50:12,726 INFO sqlalchemy.engine.Engine SELECT chapters.id, chapters.unit_id, chapters.name, chapters.description, chapters."order", chapters.estimated_hours, chapters.difficulty, chapters.created_at 
FROM chapters
2026-08-08 22:50:12,727 INFO sqlalchemy.engine.Engine [generated in 0.00122s] ()
2026-08-08 22:50:12,731 INFO sqlalchemy.engine.Engine SELECT notifications.id, notifications.user_id, notifications.title, notifications.message, notifications.notification_type, notifications.is_read, notifications.action_url, notifications.created_at 
FROM notifications 
WHERE notifications.user_id = ? ORDER BY notifications.created_at DESC
 LIMIT ? OFFSET ?
2026-08-08 22:50:12,732 INFO sqlalchemy.engine.Engine [cached since 0.05917s ago] ('4796a7af3dad452e825d3bd45d386cca', 50, 0)
2026-08-08 22:50:12,739 INFO sqlalchemy.engine.Engine SELECT topics.id, topics.chapter_id, topics.name, topics.content, topics.summary, topics."order", topics.difficulty, topics.importance, topics.prerequisites, topics.tags, topics.created_at 
FROM topics
2026-08-08 22:50:12,740 INFO sqlalchemy.engine.Engine [generated in 0.00214s] ()
INFO:     127.0.0.1:63064 - "GET /api/notifications HTTP/1.1" 200 OK
2026-08-08 22:50:12,746 INFO sqlalchemy.engine.Engine ROLLBACK
2026-08-08 22:50:12,765 INFO sqlalchemy.engine.Engine SELECT learning_progress.id, learning_progress.user_id, learning_progress.subject_id, learning_progress.unit_id, learning_progress.chapter_id, learning_progress.topic_id, learning_progress.status, learning_progress.confidence, learning_progress.score, learning_progress.time_spent_minutes, learning_progress.attempts, learning_progress.strengths, learning_progress.weaknesses, learning_progress.completed_at, learning_progress.created_at, learning_progress.updated_at 
FROM learning_progress 
WHERE learning_progress.user_id = ?
2026-08-08 22:50:12,769 INFO sqlalchemy.engine.Engine [generated in 0.00383s] ('4796a7af3dad452e825d3bd45d386cca',)
2026-08-08 22:50:12,776 INFO sqlalchemy.engine.Engine SELECT quizzes.id, quizzes.user_id, quizzes.subject_id, quizzes.topic_id, quizzes.title, quizzes.quiz_type, quizzes.difficulty, quizzes.time_limit_minutes, quizzes.total_questions, quizzes.score, quizzes.passed, quizzes.completed_at, quizzes.created_at 
FROM quizzes 
WHERE quizzes.user_id = ? AND quizzes.completed_at IS NOT NULL
2026-08-08 22:50:12,778 INFO sqlalchemy.engine.Engine [generated in 0.00178s] ('4796a7af3dad452e825d3bd45d386cca',)
2026-08-08 22:50:12,785 INFO sqlalchemy.engine.Engine SELECT study_sessions.id, study_sessions.user_id, study_sessions.subject_id, study_sessions.session_type, study_sessions.duration_minutes, study_sessions.focus_score, study_sessions.topics_covered, study_sessions.notes, study_sessions.started_at, study_sessions.ended_at, study_sessions.created_at 
FROM study_sessions 
WHERE study_sessions.user_id = ?
2026-08-08 22:50:12,787 INFO sqlalchemy.engine.Engine [generated in 0.00233s] ('4796a7af3dad452e825d3bd45d386cca',)
2026-08-08 22:50:12,795 INFO sqlalchemy.engine.Engine SELECT memories.id, memories.user_id, memories.memory_type, memories.content, memories.context, memories.importance, memories.recall_count, memories.last_recalled, memories.forgetting_curve, memories.extra_metadata, memories.created_at, memories.updated_at 
FROM memories 
WHERE memories.user_id = ? AND memories.last_recalled IS NOT NULL
2026-08-08 22:50:12,796 INFO sqlalchemy.engine.Engine [generated in 0.00124s] ('4796a7af3dad452e825d3bd45d386cca',)
INFO:     127.0.0.1:21770 - "GET /api/progress/summary HTTP/1.1" 200 OK
2026-08-08 22:50:12,804 INFO sqlalchemy.engine.Engine ROLLBACK
2026-08-08 22:50:23,928 INFO sqlalchemy.engine.Engine BEGIN (implicit)
2026-08-08 22:50:23,929 INFO sqlalchemy.engine.Engine SELECT users.id, users.email, users.username, users.full_name, users.hashed_password, users.role, users.avatar_url, users.university, users.course, users.semester, users.education_level, users.occupation, users.domain, users.learning_mode, users.preferences, users.is_active, users.is_verified, users.created_at, users.updated_at 
FROM users 
WHERE users.email = ?
2026-08-08 22:50:23,929 INFO sqlalchemy.engine.Engine [cached since 11.3s ago] ('harshanseliyan28@gmail.com',)
2026-08-08 22:50:23,933 INFO sqlalchemy.engine.Engine SELECT notifications.id, notifications.user_id, notifications.title, notifications.message, notifications.notification_type, notifications.is_read, notifications.action_url, notifications.created_at 
FROM notifications 
WHERE notifications.user_id = ? ORDER BY notifications.created_at DESC
 LIMIT ? OFFSET ?
2026-08-08 22:50:23,934 INFO sqlalchemy.engine.Engine [cached since 11.26s ago] ('4796a7af3dad452e825d3bd45d386cca', 50, 0)
INFO:     127.0.0.1:34873 - "GET /api/notifications HTTP/1.1" 200 OK
2026-08-08 22:50:23,938 INFO sqlalchemy.engine.Engine ROLLBACK
INFO:     127.0.0.1:34873 - "OPTIONS /api/subjects/ HTTP/1.1" 200 OK
INFO:     127.0.0.1:40665 - "OPTIONS /api/subjects/ HTTP/1.1" 200 OK
2026-08-08 22:50:27,359 INFO sqlalchemy.engine.Engine BEGIN (implicit)
2026-08-08 22:50:27,360 INFO sqlalchemy.engine.Engine SELECT users.id, users.email, users.username, users.full_name, users.hashed_password, users.role, users.avatar_url, users.university, users.course, users.semester, users.education_level, users.occupation, users.domain, users.learning_mode, users.preferences, users.is_active, users.is_verified, users.created_at, users.updated_at 
FROM users 
WHERE users.email = ?
2026-08-08 22:50:27,361 INFO sqlalchemy.engine.Engine [cached since 14.73s ago] ('harshanseliyan28@gmail.com',)
2026-08-08 22:50:27,371 INFO sqlalchemy.engine.Engine SELECT subjects.id, subjects.user_id, subjects.name, subjects.description, subjects.university, subjects.semester, subjects.subject_code, subjects.icon, subjects.color, subjects.syllabus, subjects.extra_metadata, subjects.created_at, subjects.updated_at 
FROM subjects 
WHERE subjects.user_id = ? ORDER BY subjects.created_at DESC
2026-08-08 22:50:27,374 INFO sqlalchemy.engine.Engine [cached since 14.71s ago] ('4796a7af3dad452e825d3bd45d386cca',)
INFO:     127.0.0.1:34873 - "GET /api/subjects/ HTTP/1.1" 200 OK
2026-08-08 22:50:27,382 INFO sqlalchemy.engine.Engine ROLLBACK
2026-08-08 22:50:27,398 INFO sqlalchemy.engine.Engine BEGIN (implicit)
2026-08-08 22:50:27,400 INFO sqlalchemy.engine.Engine SELECT users.id, users.email, users.username, users.full_name, users.hashed_password, users.role, users.avatar_url, users.university, users.course, users.semester, users.education_level, users.occupation, users.domain, users.learning_mode, users.preferences, users.is_active, users.is_verified, users.created_at, users.updated_at 
FROM users 
WHERE users.email = ?
2026-08-08 22:50:27,401 INFO sqlalchemy.engine.Engine [cached since 14.77s ago] ('harshanseliyan28@gmail.com',)
2026-08-08 22:50:27,411 INFO sqlalchemy.engine.Engine SELECT subjects.id, subjects.user_id, subjects.name, subjects.description, subjects.university, subjects.semester, subjects.subject_code, subjects.icon, subjects.color, subjects.syllabus, subjects.extra_metadata, subjects.created_at, subjects.updated_at 
FROM subjects 
WHERE subjects.user_id = ? ORDER BY subjects.created_at DESC
2026-08-08 22:50:27,413 INFO sqlalchemy.engine.Engine [cached since 14.75s ago] ('4796a7af3dad452e825d3bd45d386cca',)
INFO:     127.0.0.1:40665 - "GET /api/subjects/ HTTP/1.1" 200 OK
2026-08-08 22:50:27,421 INFO sqlalchemy.engine.Engine ROLLBACK
2026-08-08 22:50:41,031 INFO sqlalchemy.engine.Engine BEGIN (implicit)
2026-08-08 22:50:41,032 INFO sqlalchemy.engine.Engine SELECT users.id, users.email, users.username, users.full_name, users.hashed_password, users.role, users.avatar_url, users.university, users.course, users.semester, users.education_level, users.occupation, users.domain, users.learning_mode, users.preferences, users.is_active, users.is_verified, users.created_at, users.updated_at 
FROM users 
WHERE users.email = ?
2026-08-08 22:50:41,032 INFO sqlalchemy.engine.Engine [cached since 28.41s ago] ('harshanseliyan28@gmail.com',)
2026-08-08 22:50:41,035 INFO sqlalchemy.engine.Engine SELECT notifications.id, notifications.user_id, notifications.title, notifications.message, notifications.notification_type, notifications.is_read, notifications.action_url, notifications.created_at 
FROM notifications 
WHERE notifications.user_id = ? ORDER BY notifications.created_at DESC
 LIMIT ? OFFSET ?
2026-08-08 22:50:41,036 INFO sqlalchemy.engine.Engine [cached since 28.36s ago] ('4796a7af3dad452e825d3bd45d386cca', 50, 0)
INFO:     127.0.0.1:47941 - "GET /api/notifications HTTP/1.1" 200 OK
2026-08-08 22:50:41,039 INFO sqlalchemy.engine.Engine ROLLBACK
2026-08-08 22:51:21,367 INFO sqlalchemy.engine.Engine BEGIN (implicit)
2026-08-08 22:51:21,370 INFO sqlalchemy.engine.Engine SELECT users.id, users.email, users.username, users.full_name, users.hashed_password, users.role, users.avatar_url, users.university, users.course, users.semester, users.education_level, users.occupation, users.domain, users.learning_mode, users.preferences, users.is_active, users.is_verified, users.created_at, users.updated_at 
FROM users 
WHERE users.email = ?
2026-08-08 22:51:21,371 INFO sqlalchemy.engine.Engine [cached since 68.74s ago] ('harshanseliyan28@gmail.com',)
2026-08-08 22:51:21,377 INFO sqlalchemy.engine.Engine SELECT notifications.id, notifications.user_id, notifications.title, notifications.message, notifications.notification_type, notifications.is_read, notifications.action_url, notifications.created_at 
FROM notifications 
WHERE notifications.user_id = ? ORDER BY notifications.created_at DESC
 LIMIT ? OFFSET ?
2026-08-08 22:51:21,378 INFO sqlalchemy.engine.Engine [cached since 68.71s ago] ('4796a7af3dad452e825d3bd45d386cca', 50, 0)
INFO:     127.0.0.1:57044 - "GET /api/notifications HTTP/1.1" 200 OK
2026-08-08 22:51:21,383 INFO sqlalchemy.engine.Engine ROLLBACK
2026-08-08 22:51:21,393 INFO sqlalchemy.engine.Engine BEGIN (implicit)
2026-08-08 22:51:21,394 INFO sqlalchemy.engine.Engine SELECT users.id, users.email, users.username, users.full_name, users.hashed_password, users.role, users.avatar_url, users.university, users.course, users.semester, users.education_level, users.occupation, users.domain, users.learning_mode, users.preferences, users.is_active, users.is_verified, users.created_at, users.updated_at 
FROM users 
WHERE users.email = ?
2026-08-08 22:51:21,395 INFO sqlalchemy.engine.Engine [cached since 68.77s ago] ('harshanseliyan28@gmail.com',)
2026-08-08 22:51:21,398 INFO sqlalchemy.engine.Engine SELECT notifications.id, notifications.user_id, notifications.title, notifications.message, notifications.notification_type, notifications.is_read, notifications.action_url, notifications.created_at 
FROM notifications 
WHERE notifications.user_id = ? ORDER BY notifications.created_at DESC
 LIMIT ? OFFSET ?
2026-08-08 22:51:21,399 INFO sqlalchemy.engine.Engine [cached since 68.73s ago] ('4796a7af3dad452e825d3bd45d386cca', 50, 0)
INFO:     127.0.0.1:57044 - "GET /api/notifications HTTP/1.1" 200 OK
2026-08-08 22:51:21,405 INFO sqlalchemy.engine.Engine ROLLBACK
2026-08-08 22:51:23,576 INFO sqlalchemy.engine.Engine BEGIN (implicit)
2026-08-08 22:51:23,579 INFO sqlalchemy.engine.Engine SELECT users.id, users.email, users.username, users.full_name, users.hashed_password, users.role, users.avatar_url, users.university, users.course, users.semester, users.education_level, users.occupation, users.domain, users.learning_mode, users.preferences, users.is_active, users.is_verified, users.created_at, users.updated_at 
FROM users 
WHERE users.email = ?
2026-08-08 22:51:23,581 INFO sqlalchemy.engine.Engine [cached since 70.96s ago] ('harshanseliyan28@gmail.com',)
2026-08-08 22:51:23,587 INFO sqlalchemy.engine.Engine SELECT subjects.id, subjects.user_id, subjects.name, subjects.description, subjects.university, subjects.semester, subjects.subject_code, subjects.icon, subjects.color, subjects.syllabus, subjects.extra_metadata, subjects.created_at, subjects.updated_at 
FROM subjects 
WHERE subjects.user_id = ?
2026-08-08 22:51:23,588 INFO sqlalchemy.engine.Engine [cached since 70.92s ago] ('4796a7af3dad452e825d3bd45d386cca',)
2026-08-08 22:51:23,592 INFO sqlalchemy.engine.Engine SELECT units.id, units.subject_id, units.name, units.description, units."order", units.created_at 
FROM units
2026-08-08 22:51:23,593 INFO sqlalchemy.engine.Engine [cached since 70.88s ago] ()
2026-08-08 22:51:23,599 INFO sqlalchemy.engine.Engine SELECT chapters.id, chapters.unit_id, chapters.name, chapters.description, chapters."order", chapters.estimated_hours, chapters.difficulty, chapters.created_at 
FROM chapters
2026-08-08 22:51:23,600 INFO sqlalchemy.engine.Engine [cached since 70.87s ago] ()
2026-08-08 22:51:23,605 INFO sqlalchemy.engine.Engine SELECT topics.id, topics.chapter_id, topics.name, topics.content, topics.summary, topics."order", topics.difficulty, topics.importance, topics.prerequisites, topics.tags, topics.created_at 
FROM topics
2026-08-08 22:51:23,606 INFO sqlalchemy.engine.Engine [cached since 70.87s ago] ()
2026-08-08 22:51:23,616 INFO sqlalchemy.engine.Engine SELECT learning_progress.id, learning_progress.user_id, learning_progress.subject_id, learning_progress.unit_id, learning_progress.chapter_id, learning_progress.topic_id, learning_progress.status, learning_progress.confidence, learning_progress.score, learning_progress.time_spent_minutes, learning_progress.attempts, learning_progress.strengths, learning_progress.weaknesses, learning_progress.completed_at, learning_progress.created_at, learning_progress.updated_at 
FROM learning_progress 
WHERE learning_progress.user_id = ?
2026-08-08 22:51:23,617 INFO sqlalchemy.engine.Engine [cached since 70.85s ago] ('4796a7af3dad452e825d3bd45d386cca',)
2026-08-08 22:51:23,625 INFO sqlalchemy.engine.Engine SELECT quizzes.id, quizzes.user_id, quizzes.subject_id, quizzes.topic_id, quizzes.title, quizzes.quiz_type, quizzes.difficulty, quizzes.time_limit_minutes, quizzes.total_questions, quizzes.score, quizzes.passed, quizzes.completed_at, quizzes.created_at 
FROM quizzes 
WHERE quizzes.user_id = ? AND quizzes.completed_at IS NOT NULL
2026-08-08 22:51:23,627 INFO sqlalchemy.engine.Engine [cached since 70.85s ago] ('4796a7af3dad452e825d3bd45d386cca',)
2026-08-08 22:51:23,629 INFO sqlalchemy.engine.Engine BEGIN (implicit)
2026-08-08 22:51:23,632 INFO sqlalchemy.engine.Engine SELECT users.id, users.email, users.username, users.full_name, users.hashed_password, users.role, users.avatar_url, users.university, users.course, users.semester, users.education_level, users.occupation, users.domain, users.learning_mode, users.preferences, users.is_active, users.is_verified, users.created_at, users.updated_at 
FROM users 
WHERE users.email = ?
2026-08-08 22:51:23,634 INFO sqlalchemy.engine.Engine [cached since 71.01s ago] ('harshanseliyan28@gmail.com',)
2026-08-08 22:51:23,639 INFO sqlalchemy.engine.Engine SELECT study_sessions.id, study_sessions.user_id, study_sessions.subject_id, study_sessions.session_type, study_sessions.duration_minutes, study_sessions.focus_score, study_sessions.topics_covered, study_sessions.notes, study_sessions.started_at, study_sessions.ended_at, study_sessions.created_at 
FROM study_sessions 
WHERE study_sessions.user_id = ?
2026-08-08 22:51:23,640 INFO sqlalchemy.engine.Engine [cached since 70.85s ago] ('4796a7af3dad452e825d3bd45d386cca',)
2026-08-08 22:51:23,650 INFO sqlalchemy.engine.Engine SELECT notifications.id, notifications.user_id, notifications.title, notifications.message, notifications.notification_type, notifications.is_read, notifications.action_url, notifications.created_at 
FROM notifications 
WHERE notifications.user_id = ? ORDER BY notifications.created_at DESC
 LIMIT ? OFFSET ?
2026-08-08 22:51:23,654 INFO sqlalchemy.engine.Engine [cached since 70.98s ago] ('4796a7af3dad452e825d3bd45d386cca', 50, 0)
2026-08-08 22:51:23,660 INFO sqlalchemy.engine.Engine SELECT memories.id, memories.user_id, memories.memory_type, memories.content, memories.context, memories.importance, memories.recall_count, memories.last_recalled, memories.forgetting_curve, memories.extra_metadata, memories.created_at, memories.updated_at 
FROM memories 
WHERE memories.user_id = ? AND memories.last_recalled IS NOT NULL
2026-08-08 22:51:23,661 INFO sqlalchemy.engine.Engine [cached since 70.87s ago] ('4796a7af3dad452e825d3bd45d386cca',)
INFO:     127.0.0.1:31058 - "GET /api/notifications HTTP/1.1" 200 OK
2026-08-08 22:51:23,668 INFO sqlalchemy.engine.Engine ROLLBACK
INFO:     127.0.0.1:57044 - "GET /api/progress/summary HTTP/1.1" 200 OK
2026-08-08 22:51:23,692 INFO sqlalchemy.engine.Engine ROLLBACK
2026-08-08 22:51:23,702 INFO sqlalchemy.engine.Engine BEGIN (implicit)
2026-08-08 22:51:23,704 INFO sqlalchemy.engine.Engine SELECT users.id, users.email, users.username, users.full_name, users.hashed_password, users.role, users.avatar_url, users.university, users.course, users.semester, users.education_level, users.occupation, users.domain, users.learning_mode, users.preferences, users.is_active, users.is_verified, users.created_at, users.updated_at 
FROM users 
WHERE users.email = ?
2026-08-08 22:51:23,705 INFO sqlalchemy.engine.Engine [cached since 71.08s ago] ('harshanseliyan28@gmail.com',)
2026-08-08 22:51:23,711 INFO sqlalchemy.engine.Engine SELECT subjects.id, subjects.user_id, subjects.name, subjects.description, subjects.university, subjects.semester, subjects.subject_code, subjects.icon, subjects.color, subjects.syllabus, subjects.extra_metadata, subjects.created_at, subjects.updated_at 
FROM subjects 
WHERE subjects.user_id = ?
2026-08-08 22:51:23,712 INFO sqlalchemy.engine.Engine [cached since 71.04s ago] ('4796a7af3dad452e825d3bd45d386cca',)
2026-08-08 22:51:23,725 INFO sqlalchemy.engine.Engine SELECT units.id, units.subject_id, units.name, units.description, units."order", units.created_at 
FROM units
2026-08-08 22:51:23,729 INFO sqlalchemy.engine.Engine [cached since 71.02s ago] ()
2026-08-08 22:51:23,734 INFO sqlalchemy.engine.Engine SELECT chapters.id, chapters.unit_id, chapters.name, chapters.description, chapters."order", chapters.estimated_hours, chapters.difficulty, chapters.created_at 
FROM chapters
2026-08-08 22:51:23,735 INFO sqlalchemy.engine.Engine [cached since 71.01s ago] ()
2026-08-08 22:51:23,739 INFO sqlalchemy.engine.Engine SELECT topics.id, topics.chapter_id, topics.name, topics.content, topics.summary, topics."order", topics.difficulty, topics.importance, topics.prerequisites, topics.tags, topics.created_at 
FROM topics
2026-08-08 22:51:23,740 INFO sqlalchemy.engine.Engine [cached since 71s ago] ()
2026-08-08 22:51:23,746 INFO sqlalchemy.engine.Engine SELECT learning_progress.id, learning_progress.user_id, learning_progress.subject_id, learning_progress.unit_id, learning_progress.chapter_id, learning_progress.topic_id, learning_progress.status, learning_progress.confidence, learning_progress.score, learning_progress.time_spent_minutes, learning_progress.attempts, learning_progress.strengths, learning_progress.weaknesses, learning_progress.completed_at, learning_progress.created_at, learning_progress.updated_at 
FROM learning_progress 
WHERE learning_progress.user_id = ?
2026-08-08 22:51:23,747 INFO sqlalchemy.engine.Engine [cached since 70.98s ago] ('4796a7af3dad452e825d3bd45d386cca',)
2026-08-08 22:51:23,753 INFO sqlalchemy.engine.Engine SELECT quizzes.id, quizzes.user_id, quizzes.subject_id, quizzes.topic_id, quizzes.title, quizzes.quiz_type, quizzes.difficulty, quizzes.time_limit_minutes, quizzes.total_questions, quizzes.score, quizzes.passed, quizzes.completed_at, quizzes.created_at 
FROM quizzes 
WHERE quizzes.user_id = ? AND quizzes.completed_at IS NOT NULL
2026-08-08 22:51:23,753 INFO sqlalchemy.engine.Engine [cached since 70.98s ago] ('4796a7af3dad452e825d3bd45d386cca',)
2026-08-08 22:51:23,761 INFO sqlalchemy.engine.Engine SELECT study_sessions.id, study_sessions.user_id, study_sessions.subject_id, study_sessions.session_type, study_sessions.duration_minutes, study_sessions.focus_score, study_sessions.topics_covered, study_sessions.notes, study_sessions.started_at, study_sessions.ended_at, study_sessions.created_at 
FROM study_sessions 
WHERE study_sessions.user_id = ?
2026-08-08 22:51:23,765 INFO sqlalchemy.engine.Engine [cached since 70.98s ago] ('4796a7af3dad452e825d3bd45d386cca',)
2026-08-08 22:51:23,774 INFO sqlalchemy.engine.Engine SELECT memories.id, memories.user_id, memories.memory_type, memories.content, memories.context, memories.importance, memories.recall_count, memories.last_recalled, memories.forgetting_curve, memories.extra_metadata, memories.created_at, memories.updated_at 
FROM memories 
WHERE memories.user_id = ? AND memories.last_recalled IS NOT NULL
2026-08-08 22:51:23,775 INFO sqlalchemy.engine.Engine [cached since 70.98s ago] ('4796a7af3dad452e825d3bd45d386cca',)
INFO:     127.0.0.1:31058 - "GET /api/progress/summary HTTP/1.1" 200 OK
2026-08-08 22:51:23,786 INFO sqlalchemy.engine.Engine ROLLBACK
2026-08-08 22:51:27,862 INFO sqlalchemy.engine.Engine BEGIN (implicit)
2026-08-08 22:51:27,864 INFO sqlalchemy.engine.Engine SELECT users.id, users.email, users.username, users.full_name, users.hashed_password, users.role, users.avatar_url, users.university, users.course, users.semester, users.education_level, users.occupation, users.domain, users.learning_mode, users.preferences, users.is_active, users.is_verified, users.created_at, users.updated_at 
FROM users 
WHERE users.email = ?
2026-08-08 22:51:27,865 INFO sqlalchemy.engine.Engine [cached since 75.24s ago] ('harshanseliyan28@gmail.com',)
2026-08-08 22:51:27,870 INFO sqlalchemy.engine.Engine SELECT subjects.id, subjects.user_id, subjects.name, subjects.description, subjects.university, subjects.semester, subjects.subject_code, subjects.icon, subjects.color, subjects.syllabus, subjects.extra_metadata, subjects.created_at, subjects.updated_at 
FROM subjects 
WHERE subjects.user_id = ? ORDER BY subjects.created_at DESC
2026-08-08 22:51:27,871 INFO sqlalchemy.engine.Engine [cached since 75.21s ago] ('4796a7af3dad452e825d3bd45d386cca',)
INFO:     127.0.0.1:31058 - "GET /api/subjects/ HTTP/1.1" 200 OK
2026-08-08 22:51:27,876 INFO sqlalchemy.engine.Engine ROLLBACK
2026-08-08 22:51:27,881 INFO sqlalchemy.engine.Engine BEGIN (implicit)
2026-08-08 22:51:27,883 INFO sqlalchemy.engine.Engine SELECT users.id, users.email, users.username, users.full_name, users.hashed_password, users.role, users.avatar_url, users.university, users.course, users.semester, users.education_level, users.occupation, users.domain, users.learning_mode, users.preferences, users.is_active, users.is_verified, users.created_at, users.updated_at 
FROM users 
WHERE users.email = ?
2026-08-08 22:51:27,883 INFO sqlalchemy.engine.Engine [cached since 75.26s ago] ('harshanseliyan28@gmail.com',)
2026-08-08 22:51:27,889 INFO sqlalchemy.engine.Engine SELECT subjects.id, subjects.user_id, subjects.name, subjects.description, subjects.university, subjects.semester, subjects.subject_code, subjects.icon, subjects.color, subjects.syllabus, subjects.extra_metadata, subjects.created_at, subjects.updated_at 
FROM subjects 
WHERE subjects.user_id = ? ORDER BY subjects.created_at DESC
2026-08-08 22:51:27,890 INFO sqlalchemy.engine.Engine [cached since 75.23s ago] ('4796a7af3dad452e825d3bd45d386cca',)
INFO:     127.0.0.1:57044 - "GET /api/subjects/ HTTP/1.1" 200 OK
2026-08-08 22:51:27,896 INFO sqlalchemy.engine.Engine ROLLBACK
2026-08-08 22:51:35,456 INFO sqlalchemy.engine.Engine BEGIN (implicit)
2026-08-08 22:51:35,457 INFO sqlalchemy.engine.Engine SELECT users.id, users.email, users.username, users.full_name, users.hashed_password, users.role, users.avatar_url, users.university, users.course, users.semester, users.education_level, users.occupation, users.domain, users.learning_mode, users.preferences, users.is_active, users.is_verified, users.created_at, users.updated_at 
FROM users 
WHERE users.email = ?
2026-08-08 22:51:35,459 INFO sqlalchemy.engine.Engine [cached since 82.83s ago] ('harshanseliyan28@gmail.com',)
2026-08-08 22:51:35,466 INFO sqlalchemy.engine.Engine SELECT notifications.id, notifications.user_id, notifications.title, notifications.message, notifications.notification_type, notifications.is_read, notifications.action_url, notifications.created_at 
FROM notifications 
WHERE notifications.user_id = ? ORDER BY notifications.created_at DESC
 LIMIT ? OFFSET ?
2026-08-08 22:51:35,468 INFO sqlalchemy.engine.Engine [cached since 82.8s ago] ('4796a7af3dad452e825d3bd45d386cca', 50, 0)
INFO:     127.0.0.1:30432 - "GET /api/notifications HTTP/1.1" 200 OK
2026-08-08 22:51:35,475 INFO sqlalchemy.engine.Engine ROLLBACK
2026-08-08 22:51:38,627 INFO sqlalchemy.engine.Engine BEGIN (implicit)
2026-08-08 22:51:38,628 INFO sqlalchemy.engine.Engine SELECT users.id, users.email, users.username, users.full_name, users.hashed_password, users.role, users.avatar_url, users.university, users.course, users.semester, users.education_level, users.occupation, users.domain, users.learning_mode, users.preferences, users.is_active, users.is_verified, users.created_at, users.updated_at 
FROM users 
WHERE users.email = ?
2026-08-08 22:51:38,629 INFO sqlalchemy.engine.Engine [cached since 86s ago] ('harshanseliyan28@gmail.com',)
2026-08-08 22:51:38,635 INFO sqlalchemy.engine.Engine SELECT notifications.id, notifications.user_id, notifications.title, notifications.message, notifications.notification_type, notifications.is_read, notifications.action_url, notifications.created_at 
FROM notifications 
WHERE notifications.user_id = ? ORDER BY notifications.created_at DESC
 LIMIT ? OFFSET ?
2026-08-08 22:51:38,636 INFO sqlalchemy.engine.Engine [cached since 85.96s ago] ('4796a7af3dad452e825d3bd45d386cca', 50, 0)
INFO:     127.0.0.1:30432 - "GET /api/notifications HTTP/1.1" 200 OK
2026-08-08 22:51:38,647 INFO sqlalchemy.engine.Engine ROLLBACK
INFO:     127.0.0.1:56462 - "GET /api/health HTTP/1.1" 200 OK
2026-08-08 22:51:53,617 INFO sqlalchemy.engine.Engine BEGIN (implicit)
2026-08-08 22:51:53,619 INFO sqlalchemy.engine.Engine SELECT users.id, users.email, users.username, users.full_name, users.hashed_password, users.role, users.avatar_url, users.university, users.course, users.semester, users.education_level, users.occupation, users.domain, users.learning_mode, users.preferences, users.is_active, users.is_verified, users.created_at, users.updated_at 
FROM users 
WHERE users.email = ?
2026-08-08 22:51:53,619 INFO sqlalchemy.engine.Engine [cached since 101s ago] ('harshanseliyan28@gmail.com',)
2026-08-08 22:51:53,624 INFO sqlalchemy.engine.Engine SELECT notifications.id, notifications.user_id, notifications.title, notifications.message, notifications.notification_type, notifications.is_read, notifications.action_url, notifications.created_at 
FROM notifications 
WHERE notifications.user_id = ? ORDER BY notifications.created_at DESC
 LIMIT ? OFFSET ?
2026-08-08 22:51:53,625 INFO sqlalchemy.engine.Engine [cached since 101s ago] ('4796a7af3dad452e825d3bd45d386cca', 50, 0)
INFO:     127.0.0.1:19422 - "GET /api/notifications HTTP/1.1" 200 OK
2026-08-08 22:51:53,633 INFO sqlalchemy.engine.Engine ROLLBACK
2026-08-08 22:52:02,981 INFO sqlalchemy.engine.Engine BEGIN (implicit)
2026-08-08 22:52:02,983 INFO sqlalchemy.engine.Engine SELECT users.id, users.email, users.username, users.full_name, users.hashed_password, users.role, users.avatar_url, users.university, users.course, users.semester, users.education_level, users.occupation, users.domain, users.learning_mode, users.preferences, users.is_active, users.is_verified, users.created_at, users.updated_at 
FROM users 
WHERE users.email = ?
2026-08-08 22:52:02,984 INFO sqlalchemy.engine.Engine [cached since 110.4s ago] ('harshanseliyan28@gmail.com',)
2026-08-08 22:52:02,988 INFO sqlalchemy.engine.Engine SELECT notifications.id, notifications.user_id, notifications.title, notifications.message, notifications.notification_type, notifications.is_read, notifications.action_url, notifications.created_at 
FROM notifications 
WHERE notifications.user_id = ? ORDER BY notifications.created_at DESC
 LIMIT ? OFFSET ?
2026-08-08 22:52:02,989 INFO sqlalchemy.engine.Engine [cached since 110.3s ago] ('4796a7af3dad452e825d3bd45d386cca', 50, 0)
INFO:     127.0.0.1:23651 - "GET /api/notifications HTTP/1.1" 200 OK
2026-08-08 22:52:02,995 INFO sqlalchemy.engine.Engine ROLLBACK
INFO:     127.0.0.1:23651 - "OPTIONS /api/tutor/sessions HTTP/1.1" 200 OK
INFO:     127.0.0.1:47639 - "OPTIONS /api/tutor/history?session_id=41o8vun HTTP/1.1" 200 OK
INFO:     127.0.0.1:23651 - "OPTIONS /api/tutor/sessions HTTP/1.1" 200 OK
INFO:     127.0.0.1:47639 - "OPTIONS /api/tutor/history?session_id=41o8vun HTTP/1.1" 200 OK
INFO:     127.0.0.1:47639 - "GET /api/tutor/sessions HTTP/1.1" 404 Not Found
2026-08-08 22:52:06,162 INFO sqlalchemy.engine.Engine BEGIN (implicit)
2026-08-08 22:52:06,164 INFO sqlalchemy.engine.Engine SELECT users.id, users.email, users.username, users.full_name, users.hashed_password, users.role, users.avatar_url, users.university, users.course, users.semester, users.education_level, users.occupation, users.domain, users.learning_mode, users.preferences, users.is_active, users.is_verified, users.created_at, users.updated_at 
FROM users 
WHERE users.email = ?
2026-08-08 22:52:06,165 INFO sqlalchemy.engine.Engine [cached since 113.5s ago] ('harshanseliyan28@gmail.com',)
INFO:     127.0.0.1:47639 - "GET /api/tutor/history?session_id=41o8vun HTTP/1.1" 404 Not Found
2026-08-08 22:52:06,173 INFO sqlalchemy.engine.Engine SELECT subjects.id, subjects.user_id, subjects.name, subjects.description, subjects.university, subjects.semester, subjects.subject_code, subjects.icon, subjects.color, subjects.syllabus, subjects.extra_metadata, subjects.created_at, subjects.updated_at 
FROM subjects 
WHERE subjects.user_id = ? ORDER BY subjects.created_at DESC
2026-08-08 22:52:06,173 INFO sqlalchemy.engine.Engine [cached since 113.5s ago] ('4796a7af3dad452e825d3bd45d386cca',)
INFO:     127.0.0.1:47639 - "GET /api/tutor/sessions HTTP/1.1" 404 Not Found
INFO:     127.0.0.1:23651 - "GET /api/subjects/ HTTP/1.1" 200 OK
2026-08-08 22:52:06,184 INFO sqlalchemy.engine.Engine ROLLBACK
INFO:     127.0.0.1:47639 - "GET /api/tutor/history?session_id=41o8vun HTTP/1.1" 404 Not Found
2026-08-08 22:52:06,196 INFO sqlalchemy.engine.Engine BEGIN (implicit)
2026-08-08 22:52:06,198 INFO sqlalchemy.engine.Engine SELECT users.id, users.email, users.username, users.full_name, users.hashed_password, users.role, users.avatar_url, users.university, users.course, users.semester, users.education_level, users.occupation, users.domain, users.learning_mode, users.preferences, users.is_active, users.is_verified, users.created_at, users.updated_at 
FROM users 
WHERE users.email = ?
2026-08-08 22:52:06,202 INFO sqlalchemy.engine.Engine [cached since 113.6s ago] ('harshanseliyan28@gmail.com',)
2026-08-08 22:52:06,215 INFO sqlalchemy.engine.Engine SELECT subjects.id, subjects.user_id, subjects.name, subjects.description, subjects.university, subjects.semester, subjects.subject_code, subjects.icon, subjects.color, subjects.syllabus, subjects.extra_metadata, subjects.created_at, subjects.updated_at 
FROM subjects 
WHERE subjects.user_id = ? ORDER BY subjects.created_at DESC
2026-08-08 22:52:06,216 INFO sqlalchemy.engine.Engine [cached since 113.6s ago] ('4796a7af3dad452e825d3bd45d386cca',)
INFO:     127.0.0.1:23651 - "GET /api/subjects/ HTTP/1.1" 200 OK
2026-08-08 22:52:06,227 INFO sqlalchemy.engine.Engine ROLLBACK
2026-08-08 22:52:08,624 INFO sqlalchemy.engine.Engine BEGIN (implicit)
2026-08-08 22:52:08,625 INFO sqlalchemy.engine.Engine SELECT users.id, users.email, users.username, users.full_name, users.hashed_password, users.role, users.avatar_url, users.university, users.course, users.semester, users.education_level, users.occupation, users.domain, users.learning_mode, users.preferences, users.is_active, users.is_verified, users.created_at, users.updated_at 
FROM users 
WHERE users.email = ?
2026-08-08 22:52:08,626 INFO sqlalchemy.engine.Engine [cached since 116s ago] ('harshanseliyan28@gmail.com',)
2026-08-08 22:52:08,629 INFO sqlalchemy.engine.Engine SELECT notifications.id, notifications.user_id, notifications.title, notifications.message, notifications.notification_type, notifications.is_read, notifications.action_url, notifications.created_at 
FROM notifications 
WHERE notifications.user_id = ? ORDER BY notifications.created_at DESC
 LIMIT ? OFFSET ?
2026-08-08 22:52:08,630 INFO sqlalchemy.engine.Engine [cached since 116s ago] ('4796a7af3dad452e825d3bd45d386cca', 50, 0)
INFO:     127.0.0.1:23651 - "GET /api/notifications HTTP/1.1" 200 OK
2026-08-08 22:52:08,634 INFO sqlalchemy.engine.Engine ROLLBACK
INFO:     127.0.0.1:38899 - "OPTIONS /api/tutor/chat HTTP/1.1" 200 OK
2026-08-08 22:52:18,211 INFO sqlalchemy.engine.Engine BEGIN (implicit)
2026-08-08 22:52:18,212 INFO sqlalchemy.engine.Engine SELECT users.id, users.email, users.username, users.full_name, users.hashed_password, users.role, users.avatar_url, users.university, users.course, users.semester, users.education_level, users.occupation, users.domain, users.learning_mode, users.preferences, users.is_active, users.is_verified, users.created_at, users.updated_at 
FROM users 
WHERE users.email = ?
2026-08-08 22:52:18,213 INFO sqlalchemy.engine.Engine [cached since 125.6s ago] ('harshanseliyan28@gmail.com',)
2026-08-08 22:52:18,218 INFO sqlalchemy.engine.Engine SELECT subjects.id, subjects.user_id, subjects.name, subjects.description, subjects.university, subjects.semester, subjects.subject_code, subjects.icon, subjects.color, subjects.syllabus, subjects.extra_metadata, subjects.created_at, subjects.updated_at 
FROM subjects 
WHERE subjects.user_id = ? ORDER BY subjects.name
2026-08-08 22:52:18,219 INFO sqlalchemy.engine.Engine [generated in 0.00100s] ('4796a7af3dad452e825d3bd45d386cca',)
2026-08-08 22:52:18,227 INFO sqlalchemy.engine.Engine SELECT files.id, files.user_id, files.subject_id, files.project_id, files.original_filename, files.stored_filename, files.file_type, files.file_size, files.mime_type, files.minio_path, files.status, files.pages, files.chunks, files.extracted_text, files.extra_metadata, files.error_message, files.created_at, files.updated_at 
FROM files 
WHERE files.user_id = ? AND files.status = ? ORDER BY files.created_at DESC
 LIMIT ? OFFSET ?
2026-08-08 22:52:18,228 INFO sqlalchemy.engine.Engine [generated in 0.00088s] ('4796a7af3dad452e825d3bd45d386cca', 'completed', 10, 0)
2026-08-08 22:52:18,236 INFO sqlalchemy.engine.Engine SELECT chat_history.id, chat_history.user_id, chat_history.session_id, chat_history.role, chat_history.content, chat_history.extra_metadata, chat_history.created_at 
FROM chat_history 
WHERE chat_history.session_id = ? AND chat_history.user_id = ? ORDER BY chat_history.created_at DESC
 LIMIT ? OFFSET ?
2026-08-08 22:52:18,237 INFO sqlalchemy.engine.Engine [generated in 0.00131s] ('41o8vun', '4796a7af3dad452e825d3bd45d386cca', 10, 0)
2026-08-08 22:52:23,619 INFO sqlalchemy.engine.Engine BEGIN (implicit)
2026-08-08 22:52:23,630 INFO sqlalchemy.engine.Engine SELECT users.id, users.email, users.username, users.full_name, users.hashed_password, users.role, users.avatar_url, users.university, users.course, users.semester, users.education_level, users.occupation, users.domain, users.learning_mode, users.preferences, users.is_active, users.is_verified, users.created_at, users.updated_at 
FROM users 
WHERE users.email = ?
2026-08-08 22:52:23,631 INFO sqlalchemy.engine.Engine [cached since 131s ago] ('harshanseliyan28@gmail.com',)
2026-08-08 22:52:23,635 INFO sqlalchemy.engine.Engine SELECT notifications.id, notifications.user_id, notifications.title, notifications.message, notifications.notification_type, notifications.is_read, notifications.action_url, notifications.created_at 
FROM notifications 
WHERE notifications.user_id = ? ORDER BY notifications.created_at DESC
 LIMIT ? OFFSET ?
2026-08-08 22:52:23,636 INFO sqlalchemy.engine.Engine [cached since 131s ago] ('4796a7af3dad452e825d3bd45d386cca', 50, 0)
INFO:     127.0.0.1:35534 - "GET /api/notifications HTTP/1.1" 200 OK
2026-08-08 22:52:23,640 INFO sqlalchemy.engine.Engine ROLLBACK
2026-08-08 22:52:36,450 INFO sqlalchemy.engine.Engine INSERT INTO chat_history (id, user_id, session_id, role, content, extra_metadata, created_at) VALUES (?, ?, ?, ?, ?, ?, ?), (?, ?, ?, ?, ?, ?, ?)
2026-08-08 22:52:36,452 INFO sqlalchemy.engine.Engine [generated in 0.00057s (insertmanyvalues) 1/1 (unordered)] ('722e2de7223a481583356a3ce2a882ff', '4796a7af3dad452e825d3bd45d386cca', '41o8vun', 'user', 'which model are you ', '{}', '2026-08-08 17:22:36.450326', '8e120ddf28aa41929bf9a384ac2ece33', '4796a7af3dad452e825d3bd45d386cca', '41o8vun', 'assistant', "Hello Harshan, I'm excited to work with you. Let's break down the concept of models in AI. Think of a model like a blueprint or a map that helps us u ... (703 characters truncated) ... shan: Can you think of a situation where a model would be useful in a real-world scenario, perhaps something related to your daily life or interests?", '{}', '2026-08-08 17:22:36.450346')
2026-08-08 22:52:36,460 INFO sqlalchemy.engine.Engine COMMIT
INFO:     127.0.0.1:38899 - "POST /api/tutor/chat HTTP/1.1" 200 OK
INFO:     127.0.0.1:38899 - "GET /api/tutor/sessions HTTP/1.1" 404 Not Found
2026-08-08 22:52:38,620 INFO sqlalchemy.engine.Engine BEGIN (implicit)
2026-08-08 22:52:38,621 INFO sqlalchemy.engine.Engine SELECT users.id, users.email, users.username, users.full_name, users.hashed_password, users.role, users.avatar_url, users.university, users.course, users.semester, users.education_level, users.occupation, users.domain, users.learning_mode, users.preferences, users.is_active, users.is_verified, users.created_at, users.updated_at 
FROM users 
WHERE users.email = ?
2026-08-08 22:52:38,622 INFO sqlalchemy.engine.Engine [cached since 146s ago] ('harshanseliyan28@gmail.com',)
2026-08-08 22:52:38,626 INFO sqlalchemy.engine.Engine SELECT notifications.id, notifications.user_id, notifications.title, notifications.message, notifications.notification_type, notifications.is_read, notifications.action_url, notifications.created_at 
FROM notifications 
WHERE notifications.user_id = ? ORDER BY notifications.created_at DESC
 LIMIT ? OFFSET ?
2026-08-08 22:52:38,627 INFO sqlalchemy.engine.Engine [cached since 146s ago] ('4796a7af3dad452e825d3bd45d386cca', 50, 0)
INFO:     127.0.0.1:38899 - "GET /api/notifications HTTP/1.1" 200 OK
2026-08-08 22:52:38,633 INFO sqlalchemy.engine.Engine ROLLBACK
2026-08-08 22:52:45,467 INFO sqlalchemy.engine.Engine BEGIN (implicit)
2026-08-08 22:52:45,469 INFO sqlalchemy.engine.Engine SELECT users.id, users.email, users.username, users.full_name, users.hashed_password, users.role, users.avatar_url, users.university, users.course, users.semester, users.education_level, users.occupation, users.domain, users.learning_mode, users.preferences, users.is_active, users.is_verified, users.created_at, users.updated_at 
FROM users 
WHERE users.email = ?
2026-08-08 22:52:45,470 INFO sqlalchemy.engine.Engine [cached since 152.8s ago] ('iso-owner-1786209753@academia.ai',)
2026-08-08 22:52:45,478 INFO sqlalchemy.engine.Engine SELECT users.id, users.email, users.username, users.full_name, users.hashed_password, users.role, users.avatar_url, users.university, users.course, users.semester, users.education_level, users.occupation, users.domain, users.learning_mode, users.preferences, users.is_active, users.is_verified, users.created_at, users.updated_at 
FROM users 
WHERE users.username = ?
2026-08-08 22:52:45,482 INFO sqlalchemy.engine.Engine [generated in 0.00432s] ('iso_owner_1786209753',)
2026-08-08 22:52:45,868 INFO sqlalchemy.engine.Engine INSERT INTO users (id, email, username, full_name, hashed_password, role, avatar_url, university, course, semester, education_level, occupation, domain, learning_mode, preferences, is_active, is_verified, created_at, updated_at) VALUES (?, ?, ?, ?, ?, ?, ?, ?, ?, ?, ?, ?, ?, ?, ?, ?, ?, ?, ?)
2026-08-08 22:52:45,870 INFO sqlalchemy.engine.Engine [generated in 0.00144s] ('463fe13fe91b4f92a5896995020acbe8', 'iso-owner-1786209753@academia.ai', 'iso_owner_1786209753', 'Owner', '$2b$12$WyVo4RBXPWNdfaE67vZ2.uMaUHX1R22sQ/pm8AL36.TWrZmRrVoyq', 'STUDENT', 'https://img.clerk.com/eyJ0eXBlIjoiZGVmYXVsdCIsImlpZCI6Imluc18zSGRscTRpT0hxYjROcU5vNW13N1pnOG9rQkMiLCJyaWQiOiJ1c2VyXzNIZHRQc0ZOZnZnOE44bVB4M2xqNmFnSHRUSCIsImluaXRpYWxzIjoiTyJ9', None, None, None, None, None, None, 'COLLEGE', '{}', 1, 1, '2026-08-08 17:22:45.868671', '2026-08-08 17:22:45.868677')
2026-08-08 22:52:45,875 INFO sqlalchemy.engine.Engine COMMIT
2026-08-08 22:52:45,886 INFO sqlalchemy.engine.Engine BEGIN (implicit)
2026-08-08 22:52:45,890 INFO sqlalchemy.engine.Engine SELECT users.id, users.email, users.username, users.full_name, users.hashed_password, users.role, users.avatar_url, users.university, users.course, users.semester, users.education_level, users.occupation, users.domain, users.learning_mode, users.preferences, users.is_active, users.is_verified, users.created_at, users.updated_at 
FROM users 
WHERE users.id = ?
2026-08-08 22:52:45,891 INFO sqlalchemy.engine.Engine [generated in 0.00100s] ('463fe13fe91b4f92a5896995020acbe8',)
2026-08-08 22:52:45,898 INFO sqlalchemy.engine.Engine INSERT INTO subjects (id, user_id, name, description, university, semester, subject_code, icon, color, syllabus, extra_metadata, created_at, updated_at) VALUES (?, ?, ?, ?, ?, ?, ?, ?, ?, ?, ?, ?, ?)
2026-08-08 22:52:45,899 INFO sqlalchemy.engine.Engine [generated in 0.00148s] ('36739994c4304f2ca876635ddaf53375', '463fe13fe91b4f92a5896995020acbe8', 'Secret Subject 007', 'classified course material', None, None, None, None, None, '{}', '{}', '2026-08-08 17:22:45.898026', '2026-08-08 17:22:45.898031')
2026-08-08 22:52:45,904 INFO sqlalchemy.engine.Engine COMMIT
2026-08-08 22:52:45,913 INFO sqlalchemy.engine.Engine BEGIN (implicit)
2026-08-08 22:52:45,916 INFO sqlalchemy.engine.Engine SELECT subjects.id, subjects.user_id, subjects.name, subjects.description, subjects.university, subjects.semester, subjects.subject_code, subjects.icon, subjects.color, subjects.syllabus, subjects.extra_metadata, subjects.created_at, subjects.updated_at 
FROM subjects 
WHERE subjects.id = ?
2026-08-08 22:52:45,917 INFO sqlalchemy.engine.Engine [generated in 0.00091s] ('36739994c4304f2ca876635ddaf53375',)
INFO:     127.0.0.1:34141 - "POST /api/subjects/ HTTP/1.1" 200 OK
2026-08-08 22:52:45,922 INFO sqlalchemy.engine.Engine ROLLBACK
2026-08-08 22:52:48,708 INFO sqlalchemy.engine.Engine BEGIN (implicit)
2026-08-08 22:52:48,709 INFO sqlalchemy.engine.Engine SELECT users.id, users.email, users.username, users.full_name, users.hashed_password, users.role, users.avatar_url, users.university, users.course, users.semester, users.education_level, users.occupation, users.domain, users.learning_mode, users.preferences, users.is_active, users.is_verified, users.created_at, users.updated_at 
FROM users 
WHERE users.email = ?
2026-08-08 22:52:48,710 INFO sqlalchemy.engine.Engine [cached since 156.1s ago] ('iso-owner-1786209753@academia.ai',)
2026-08-08 22:52:48,716 INFO sqlalchemy.engine.Engine SELECT subjects.id, subjects.user_id, subjects.name, subjects.description, subjects.university, subjects.semester, subjects.subject_code, subjects.icon, subjects.color, subjects.syllabus, subjects.extra_metadata, subjects.created_at, subjects.updated_at 
FROM subjects 
WHERE subjects.id = ? AND subjects.user_id = ?
2026-08-08 22:52:48,718 INFO sqlalchemy.engine.Engine [generated in 0.00172s] ('36739994c4304f2ca876635ddaf53375', '463fe13fe91b4f92a5896995020acbe8')
2026-08-08 22:52:48,723 INFO sqlalchemy.engine.Engine INSERT INTO units (id, subject_id, name, description, "order", created_at) VALUES (?, ?, ?, ?, ?, ?)
2026-08-08 22:52:48,724 INFO sqlalchemy.engine.Engine [generated in 0.00096s] ('af3aa742be73466385a79a93dd5bd1e5', '36739994c4304f2ca876635ddaf53375', 'Unit X', None, 0, '2026-08-08 17:22:48.723473')
2026-08-08 22:52:48,730 INFO sqlalchemy.engine.Engine COMMIT
2026-08-08 22:52:48,738 INFO sqlalchemy.engine.Engine BEGIN (implicit)
2026-08-08 22:52:48,740 INFO sqlalchemy.engine.Engine SELECT units.id, units.subject_id, units.name, units.description, units."order", units.created_at 
FROM units 
WHERE units.id = ?
2026-08-08 22:52:48,741 INFO sqlalchemy.engine.Engine [generated in 0.00096s] ('af3aa742be73466385a79a93dd5bd1e5',)
INFO:     127.0.0.1:18367 - "POST /api/subjects/36739994-c430-4f2c-a876-635ddaf53375/units HTTP/1.1" 200 OK
2026-08-08 22:52:48,745 INFO sqlalchemy.engine.Engine ROLLBACK
2026-08-08 22:52:51,526 INFO sqlalchemy.engine.Engine BEGIN (implicit)
2026-08-08 22:52:51,528 INFO sqlalchemy.engine.Engine SELECT users.id, users.email, users.username, users.full_name, users.hashed_password, users.role, users.avatar_url, users.university, users.course, users.semester, users.education_level, users.occupation, users.domain, users.learning_mode, users.preferences, users.is_active, users.is_verified, users.created_at, users.updated_at 
FROM users 
WHERE users.email = ?
2026-08-08 22:52:51,528 INFO sqlalchemy.engine.Engine [cached since 158.9s ago] ('iso-owner-1786209753@academia.ai',)
2026-08-08 22:52:51,532 INFO sqlalchemy.engine.Engine SELECT subjects.id, subjects.user_id, subjects.name, subjects.description, subjects.university, subjects.semester, subjects.subject_code, subjects.icon, subjects.color, subjects.syllabus, subjects.extra_metadata, subjects.created_at, subjects.updated_at 
FROM subjects 
WHERE subjects.id = ? AND subjects.user_id = ?
2026-08-08 22:52:51,533 INFO sqlalchemy.engine.Engine [cached since 2.817s ago] ('36739994c4304f2ca876635ddaf53375', '463fe13fe91b4f92a5896995020acbe8')
2026-08-08 22:52:51,538 INFO sqlalchemy.engine.Engine SELECT units.id, units.subject_id, units.name, units.description, units."order", units.created_at 
FROM units 
WHERE units.id = ? AND units.subject_id = ?
2026-08-08 22:52:51,539 INFO sqlalchemy.engine.Engine [generated in 0.00076s] ('af3aa742be73466385a79a93dd5bd1e5', '36739994c4304f2ca876635ddaf53375')
2026-08-08 22:52:51,545 INFO sqlalchemy.engine.Engine INSERT INTO chapters (id, unit_id, name, description, "order", estimated_hours, difficulty, created_at) VALUES (?, ?, ?, ?, ?, ?, ?, ?)
2026-08-08 22:52:51,546 INFO sqlalchemy.engine.Engine [generated in 0.00143s] ('34ffddba2b6c427c83ddfb84142eed8e', 'af3aa742be73466385a79a93dd5bd1e5', 'Chapter Y', None, 0, 1.0, 1, '2026-08-08 17:22:51.545074')
2026-08-08 22:52:51,552 INFO sqlalchemy.engine.Engine COMMIT
2026-08-08 22:52:51,560 INFO sqlalchemy.engine.Engine BEGIN (implicit)
2026-08-08 22:52:51,563 INFO sqlalchemy.engine.Engine SELECT chapters.id, chapters.unit_id, chapters.name, chapters.description, chapters."order", chapters.estimated_hours, chapters.difficulty, chapters.created_at 
FROM chapters 
WHERE chapters.id = ?
2026-08-08 22:52:51,563 INFO sqlalchemy.engine.Engine [generated in 0.00076s] ('34ffddba2b6c427c83ddfb84142eed8e',)
INFO:     127.0.0.1:18369 - "POST /api/subjects/36739994-c430-4f2c-a876-635ddaf53375/units/af3aa742-be73-4663-85a7-9a93dd5bd1e5/chapters HTTP/1.1" 200 OK
2026-08-08 22:52:51,569 INFO sqlalchemy.engine.Engine ROLLBACK
2026-08-08 22:52:53,616 INFO sqlalchemy.engine.Engine BEGIN (implicit)
2026-08-08 22:52:53,642 INFO sqlalchemy.engine.Engine SELECT users.id, users.email, users.username, users.full_name, users.hashed_password, users.role, users.avatar_url, users.university, users.course, users.semester, users.education_level, users.occupation, users.domain, users.learning_mode, users.preferences, users.is_active, users.is_verified, users.created_at, users.updated_at 
FROM users 
WHERE users.email = ?
2026-08-08 22:52:53,643 INFO sqlalchemy.engine.Engine [cached since 161s ago] ('harshanseliyan28@gmail.com',)
2026-08-08 22:52:53,646 INFO sqlalchemy.engine.Engine SELECT notifications.id, notifications.user_id, notifications.title, notifications.message, notifications.notification_type, notifications.is_read, notifications.action_url, notifications.created_at 
FROM notifications 
WHERE notifications.user_id = ? ORDER BY notifications.created_at DESC
 LIMIT ? OFFSET ?
2026-08-08 22:52:53,647 INFO sqlalchemy.engine.Engine [cached since 161s ago] ('4796a7af3dad452e825d3bd45d386cca', 50, 0)
INFO:     127.0.0.1:25158 - "GET /api/notifications HTTP/1.1" 200 OK
2026-08-08 22:52:53,651 INFO sqlalchemy.engine.Engine ROLLBACK
2026-08-08 22:52:54,346 INFO sqlalchemy.engine.Engine BEGIN (implicit)
2026-08-08 22:52:54,347 INFO sqlalchemy.engine.Engine SELECT users.id, users.email, users.username, users.full_name, users.hashed_password, users.role, users.avatar_url, users.university, users.course, users.semester, users.education_level, users.occupation, users.domain, users.learning_mode, users.preferences, users.is_active, users.is_verified, users.created_at, users.updated_at 
FROM users 
WHERE users.email = ?
2026-08-08 22:52:54,348 INFO sqlalchemy.engine.Engine [cached since 161.7s ago] ('iso-owner-1786209753@academia.ai',)
2026-08-08 22:52:54,352 INFO sqlalchemy.engine.Engine SELECT subjects.id, subjects.user_id, subjects.name, subjects.description, subjects.university, subjects.semester, subjects.subject_code, subjects.icon, subjects.color, subjects.syllabus, subjects.extra_metadata, subjects.created_at, subjects.updated_at 
FROM subjects 
WHERE subjects.id = ? AND subjects.user_id = ?
2026-08-08 22:52:54,353 INFO sqlalchemy.engine.Engine [cached since 5.637s ago] ('36739994c4304f2ca876635ddaf53375', '463fe13fe91b4f92a5896995020acbe8')
2026-08-08 22:52:54,359 INFO sqlalchemy.engine.Engine SELECT chapters.id, chapters.unit_id, chapters.name, chapters.description, chapters."order", chapters.estimated_hours, chapters.difficulty, chapters.created_at 
FROM chapters 
WHERE chapters.id = ? AND chapters.unit_id = ?
2026-08-08 22:52:54,359 INFO sqlalchemy.engine.Engine [generated in 0.00097s] ('34ffddba2b6c427c83ddfb84142eed8e', 'af3aa742be73466385a79a93dd5bd1e5')
2026-08-08 22:52:54,365 INFO sqlalchemy.engine.Engine INSERT INTO topics (id, chapter_id, name, content, summary, "order", difficulty, importance, prerequisites, tags, created_at) VALUES (?, ?, ?, ?, ?, ?, ?, ?, ?, ?, ?)
2026-08-08 22:52:54,366 INFO sqlalchemy.engine.Engine [generated in 0.00135s] ('4d5f8d7f22b046469969ba838324c8d8', '34ffddba2b6c427c83ddfb84142eed8e', 'Topic Z', "TOP-SECRET: owner's private notes", None, 0, 1, 5, '[]', '[]', '2026-08-08 17:22:54.365203')
2026-08-08 22:52:54,372 INFO sqlalchemy.engine.Engine COMMIT
2026-08-08 22:52:54,380 INFO sqlalchemy.engine.Engine BEGIN (implicit)
2026-08-08 22:52:54,383 INFO sqlalchemy.engine.Engine SELECT topics.id, topics.chapter_id, topics.name, topics.content, topics.summary, topics."order", topics.difficulty, topics.importance, topics.prerequisites, topics.tags, topics.created_at 
FROM topics 
WHERE topics.id = ?
2026-08-08 22:52:54,384 INFO sqlalchemy.engine.Engine [generated in 0.00130s] ('4d5f8d7f22b046469969ba838324c8d8',)
INFO:     127.0.0.1:18371 - "POST /api/subjects/36739994-c430-4f2c-a876-635ddaf53375/units/af3aa742-be73-4663-85a7-9a93dd5bd1e5/chapters/34ffddba-2b6c-427c-83dd-fb84142eed8e/topics HTTP/1.1" 200 OK
2026-08-08 22:52:54,389 INFO sqlalchemy.engine.Engine ROLLBACK
2026-08-08 22:52:57,186 INFO sqlalchemy.engine.Engine BEGIN (implicit)
2026-08-08 22:52:57,187 INFO sqlalchemy.engine.Engine SELECT users.id, users.email, users.username, users.full_name, users.hashed_password, users.role, users.avatar_url, users.university, users.course, users.semester, users.education_level, users.occupation, users.domain, users.learning_mode, users.preferences, users.is_active, users.is_verified, users.created_at, users.updated_at 
FROM users 
WHERE users.email = ?
2026-08-08 22:52:57,188 INFO sqlalchemy.engine.Engine [cached since 164.6s ago] ('iso-owner-1786209753@academia.ai',)
2026-08-08 22:52:57,194 INFO sqlalchemy.engine.Engine INSERT INTO whiteboards (id, user_id, name, elements, is_collaborative, created_at, updated_at) VALUES (?, ?, ?, ?, ?, ?, ?)
2026-08-08 22:52:57,195 INFO sqlalchemy.engine.Engine [generated in 0.00135s] ('99ada45110354a7db33c649e2e7238f3', '463fe13fe91b4f92a5896995020acbe8', "Owner's board", '[]', 0, '2026-08-08 17:22:57.193962', '2026-08-08 17:22:57.193971')
2026-08-08 22:52:57,200 INFO sqlalchemy.engine.Engine COMMIT
2026-08-08 22:52:57,207 INFO sqlalchemy.engine.Engine BEGIN (implicit)
2026-08-08 22:52:57,210 INFO sqlalchemy.engine.Engine SELECT whiteboards.id, whiteboards.user_id, whiteboards.name, whiteboards.elements, whiteboards.is_collaborative, whiteboards.created_at, whiteboards.updated_at 
FROM whiteboards 
WHERE whiteboards.id = ?
2026-08-08 22:52:57,211 INFO sqlalchemy.engine.Engine [generated in 0.00099s] ('99ada45110354a7db33c649e2e7238f3',)
INFO:     127.0.0.1:51291 - "POST /api/whiteboards HTTP/1.1" 200 OK
2026-08-08 22:52:57,215 INFO sqlalchemy.engine.Engine ROLLBACK
2026-08-08 22:53:01,208 INFO sqlalchemy.engine.Engine BEGIN (implicit)
2026-08-08 22:53:01,235 INFO sqlalchemy.engine.Engine SELECT users.id, users.email, users.username, users.full_name, users.hashed_password, users.role, users.avatar_url, users.university, users.course, users.semester, users.education_level, users.occupation, users.domain, users.learning_mode, users.preferences, users.is_active, users.is_verified, users.created_at, users.updated_at 
FROM users 
WHERE users.email = ?
2026-08-08 22:53:01,235 INFO sqlalchemy.engine.Engine [cached since 168.6s ago] ('iso-attacker-1786209757@academia.ai',)
2026-08-08 22:53:01,239 INFO sqlalchemy.engine.Engine SELECT users.id, users.email, users.username, users.full_name, users.hashed_password, users.role, users.avatar_url, users.university, users.course, users.semester, users.education_level, users.occupation, users.domain, users.learning_mode, users.preferences, users.is_active, users.is_verified, users.created_at, users.updated_at 
FROM users 
WHERE users.username = ?
2026-08-08 22:53:01,240 INFO sqlalchemy.engine.Engine [cached since 15.76s ago] ('iso_attacker_1786209757',)
2026-08-08 22:53:01,621 INFO sqlalchemy.engine.Engine INSERT INTO users (id, email, username, full_name, hashed_password, role, avatar_url, university, course, semester, education_level, occupation, domain, learning_mode, preferences, is_active, is_verified, created_at, updated_at) VALUES (?, ?, ?, ?, ?, ?, ?, ?, ?, ?, ?, ?, ?, ?, ?, ?, ?, ?, ?)
2026-08-08 22:53:01,622 INFO sqlalchemy.engine.Engine [cached since 15.75s ago] ('491aec6c630d4c319fa5cf7926dd826f', 'iso-attacker-1786209757@academia.ai', 'iso_attacker_1786209757', 'Attacker', '$2b$12$Av/6SbIgnyoDMhRTtndkhOf0I7Foccby39PodcgSNznDEumq9PD/e', 'STUDENT', 'https://img.clerk.com/eyJ0eXBlIjoiZGVmYXVsdCIsImlpZCI6Imluc18zSGRscTRpT0hxYjROcU5vNW13N1pnOG9rQkMiLCJyaWQiOiJ1c2VyXzNIZHRRTVF2eVJxdUR0NDBUcENGZ3hscWJPNCIsImluaXRpYWxzIjoiQSJ9', None, None, None, None, None, None, 'COLLEGE', '{}', 1, 1, '2026-08-08 17:23:01.621639', '2026-08-08 17:23:01.621648')
2026-08-08 22:53:01,626 INFO sqlalchemy.engine.Engine COMMIT
2026-08-08 22:53:01,633 INFO sqlalchemy.engine.Engine BEGIN (implicit)
2026-08-08 22:53:01,635 INFO sqlalchemy.engine.Engine SELECT users.id, users.email, users.username, users.full_name, users.hashed_password, users.role, users.avatar_url, users.university, users.course, users.semester, users.education_level, users.occupation, users.domain, users.learning_mode, users.preferences, users.is_active, users.is_verified, users.created_at, users.updated_at 
FROM users 
WHERE users.id = ?
2026-08-08 22:53:01,636 INFO sqlalchemy.engine.Engine [cached since 15.75s ago] ('491aec6c630d4c319fa5cf7926dd826f',)
2026-08-08 22:53:01,639 INFO sqlalchemy.engine.Engine SELECT subjects.id, subjects.user_id, subjects.name, subjects.description, subjects.university, subjects.semester, subjects.subject_code, subjects.icon, subjects.color, subjects.syllabus, subjects.extra_metadata, subjects.created_at, subjects.updated_at 
FROM subjects 
WHERE subjects.id = ? AND subjects.user_id = ?
2026-08-08 22:53:01,641 INFO sqlalchemy.engine.Engine [cached since 12.92s ago] ('36739994c4304f2ca876635ddaf53375', '491aec6c630d4c319fa5cf7926dd826f')
2026-08-08 22:53:01,644 INFO sqlalchemy.engine.Engine ROLLBACK
INFO:     127.0.0.1:51293 - "GET /api/subjects/36739994-c430-4f2c-a876-635ddaf53375 HTTP/1.1" 404 Not Found
2026-08-08 22:53:04,371 INFO sqlalchemy.engine.Engine BEGIN (implicit)
2026-08-08 22:53:04,373 INFO sqlalchemy.engine.Engine SELECT users.id, users.email, users.username, users.full_name, users.hashed_password, users.role, users.avatar_url, users.university, users.course, users.semester, users.education_level, users.occupation, users.domain, users.learning_mode, users.preferences, users.is_active, users.is_verified, users.created_at, users.updated_at 
FROM users 
WHERE users.email = ?
2026-08-08 22:53:04,374 INFO sqlalchemy.engine.Engine [cached since 171.7s ago] ('iso-attacker-1786209757@academia.ai',)
2026-08-08 22:53:04,377 INFO sqlalchemy.engine.Engine SELECT subjects.id, subjects.user_id, subjects.name, subjects.description, subjects.university, subjects.semester, subjects.subject_code, subjects.icon, subjects.color, subjects.syllabus, subjects.extra_metadata, subjects.created_at, subjects.updated_at 
FROM subjects 
WHERE subjects.id = ? AND subjects.user_id = ?
2026-08-08 22:53:04,378 INFO sqlalchemy.engine.Engine [cached since 15.66s ago] ('36739994c4304f2ca876635ddaf53375', '491aec6c630d4c319fa5cf7926dd826f')
2026-08-08 22:53:04,381 INFO sqlalchemy.engine.Engine ROLLBACK
INFO:     127.0.0.1:51297 - "GET /api/subjects/36739994-c430-4f2c-a876-635ddaf53375/units HTTP/1.1" 404 Not Found
2026-08-08 22:53:07,118 INFO sqlalchemy.engine.Engine BEGIN (implicit)
2026-08-08 22:53:07,119 INFO sqlalchemy.engine.Engine SELECT users.id, users.email, users.username, users.full_name, users.hashed_password, users.role, users.avatar_url, users.university, users.course, users.semester, users.education_level, users.occupation, users.domain, users.learning_mode, users.preferences, users.is_active, users.is_verified, users.created_at, users.updated_at 
FROM users 
WHERE users.email = ?
2026-08-08 22:53:07,120 INFO sqlalchemy.engine.Engine [cached since 174.5s ago] ('iso-attacker-1786209757@academia.ai',)
2026-08-08 22:53:07,123 INFO sqlalchemy.engine.Engine SELECT subjects.id, subjects.user_id, subjects.name, subjects.description, subjects.university, subjects.semester, subjects.subject_code, subjects.icon, subjects.color, subjects.syllabus, subjects.extra_metadata, subjects.created_at, subjects.updated_at 
FROM subjects 
WHERE subjects.id = ? AND subjects.user_id = ?
2026-08-08 22:53:07,124 INFO sqlalchemy.engine.Engine [cached since 18.41s ago] ('36739994c4304f2ca876635ddaf53375', '491aec6c630d4c319fa5cf7926dd826f')
2026-08-08 22:53:07,127 INFO sqlalchemy.engine.Engine ROLLBACK
INFO:     127.0.0.1:58875 - "GET /api/subjects/36739994-c430-4f2c-a876-635ddaf53375/units/af3aa742-be73-4663-85a7-9a93dd5bd1e5/chapters HTTP/1.1" 404 Not Found
2026-08-08 22:53:09,635 INFO sqlalchemy.engine.Engine BEGIN (implicit)
2026-08-08 22:53:09,636 INFO sqlalchemy.engine.Engine SELECT users.id, users.email, users.username, users.full_name, users.hashed_password, users.role, users.avatar_url, users.university, users.course, users.semester, users.education_level, users.occupation, users.domain, users.learning_mode, users.preferences, users.is_active, users.is_verified, users.created_at, users.updated_at 
FROM users 
WHERE users.email = ?
2026-08-08 22:53:09,636 INFO sqlalchemy.engine.Engine [cached since 177s ago] ('harshanseliyan28@gmail.com',)
2026-08-08 22:53:09,639 INFO sqlalchemy.engine.Engine SELECT notifications.id, notifications.user_id, notifications.title, notifications.message, notifications.notification_type, notifications.is_read, notifications.action_url, notifications.created_at 
FROM notifications 
WHERE notifications.user_id = ? ORDER BY notifications.created_at DESC
 LIMIT ? OFFSET ?
2026-08-08 22:53:09,640 INFO sqlalchemy.engine.Engine [cached since 177s ago] ('4796a7af3dad452e825d3bd45d386cca', 50, 0)
INFO:     127.0.0.1:5834 - "GET /api/notifications HTTP/1.1" 200 OK
2026-08-08 22:53:09,645 INFO sqlalchemy.engine.Engine ROLLBACK
2026-08-08 22:53:09,884 INFO sqlalchemy.engine.Engine BEGIN (implicit)
2026-08-08 22:53:09,885 INFO sqlalchemy.engine.Engine SELECT users.id, users.email, users.username, users.full_name, users.hashed_password, users.role, users.avatar_url, users.university, users.course, users.semester, users.education_level, users.occupation, users.domain, users.learning_mode, users.preferences, users.is_active, users.is_verified, users.created_at, users.updated_at 
FROM users 
WHERE users.email = ?
2026-08-08 22:53:09,885 INFO sqlalchemy.engine.Engine [cached since 177.3s ago] ('iso-attacker-1786209757@academia.ai',)
2026-08-08 22:53:09,889 INFO sqlalchemy.engine.Engine SELECT subjects.id, subjects.user_id, subjects.name, subjects.description, subjects.university, subjects.semester, subjects.subject_code, subjects.icon, subjects.color, subjects.syllabus, subjects.extra_metadata, subjects.created_at, subjects.updated_at 
FROM subjects 
WHERE subjects.id = ? AND subjects.user_id = ?
2026-08-08 22:53:09,889 INFO sqlalchemy.engine.Engine [cached since 21.17s ago] ('36739994c4304f2ca876635ddaf53375', '491aec6c630d4c319fa5cf7926dd826f')
2026-08-08 22:53:09,892 INFO sqlalchemy.engine.Engine ROLLBACK
INFO:     127.0.0.1:59827 - "GET /api/subjects/36739994-c430-4f2c-a876-635ddaf53375/units/af3aa742-be73-4663-85a7-9a93dd5bd1e5/chapters/34ffddba-2b6c-427c-83dd-fb84142eed8e/topics HTTP/1.1" 404 Not Found
2026-08-08 22:53:12,634 INFO sqlalchemy.engine.Engine BEGIN (implicit)
2026-08-08 22:53:12,636 INFO sqlalchemy.engine.Engine SELECT users.id, users.email, users.username, users.full_name, users.hashed_password, users.role, users.avatar_url, users.university, users.course, users.semester, users.education_level, users.occupation, users.domain, users.learning_mode, users.preferences, users.is_active, users.is_verified, users.created_at, users.updated_at 
FROM users 
WHERE users.email = ?
2026-08-08 22:53:12,636 INFO sqlalchemy.engine.Engine [cached since 180s ago] ('iso-attacker-1786209757@academia.ai',)
2026-08-08 22:53:12,643 INFO sqlalchemy.engine.Engine SELECT topics.id, topics.chapter_id, topics.name, topics.content, topics.summary, topics."order", topics.difficulty, topics.importance, topics.prerequisites, topics.tags, topics.created_at 
FROM topics JOIN chapters ON topics.chapter_id = chapters.id JOIN units ON chapters.unit_id = units.id JOIN subjects ON units.subject_id = subjects.id 
WHERE topics.id = ? AND subjects.user_id = ?
2026-08-08 22:53:12,644 INFO sqlalchemy.engine.Engine [generated in 0.00086s] ('4d5f8d7f22b046469969ba838324c8d8', '491aec6c630d4c319fa5cf7926dd826f')
2026-08-08 22:53:12,647 INFO sqlalchemy.engine.Engine ROLLBACK
INFO:     127.0.0.1:59829 - "GET /api/subjects/topics/4d5f8d7f-22b0-4646-9969-ba838324c8d8/concepts HTTP/1.1" 404 Not Found
2026-08-08 22:53:15,384 INFO sqlalchemy.engine.Engine BEGIN (implicit)
2026-08-08 22:53:15,386 INFO sqlalchemy.engine.Engine SELECT users.id, users.email, users.username, users.full_name, users.hashed_password, users.role, users.avatar_url, users.university, users.course, users.semester, users.education_level, users.occupation, users.domain, users.learning_mode, users.preferences, users.is_active, users.is_verified, users.created_at, users.updated_at 
FROM users 
WHERE users.email = ?
2026-08-08 22:53:15,386 INFO sqlalchemy.engine.Engine [cached since 182.8s ago] ('iso-attacker-1786209757@academia.ai',)
2026-08-08 22:53:15,391 INFO sqlalchemy.engine.Engine SELECT subjects.id, subjects.user_id, subjects.name, subjects.description, subjects.university, subjects.semester, subjects.subject_code, subjects.icon, subjects.color, subjects.syllabus, subjects.extra_metadata, subjects.created_at, subjects.updated_at 
FROM subjects 
WHERE subjects.id = ? AND subjects.user_id = ?
2026-08-08 22:53:15,392 INFO sqlalchemy.engine.Engine [cached since 26.68s ago] ('36739994c4304f2ca876635ddaf53375', '491aec6c630d4c319fa5cf7926dd826f')
2026-08-08 22:53:15,394 INFO sqlalchemy.engine.Engine ROLLBACK
INFO:     127.0.0.1:1065 - "GET /api/workflow/36739994-c430-4f2c-a876-635ddaf53375 HTTP/1.1" 404 Not Found
2026-08-08 22:53:18,117 INFO sqlalchemy.engine.Engine BEGIN (implicit)
2026-08-08 22:53:18,118 INFO sqlalchemy.engine.Engine SELECT users.id, users.email, users.username, users.full_name, users.hashed_password, users.role, users.avatar_url, users.university, users.course, users.semester, users.education_level, users.occupation, users.domain, users.learning_mode, users.preferences, users.is_active, users.is_verified, users.created_at, users.updated_at 
FROM users 
WHERE users.email = ?
2026-08-08 22:53:18,119 INFO sqlalchemy.engine.Engine [cached since 185.5s ago] ('iso-attacker-1786209757@academia.ai',)
2026-08-08 22:53:18,123 INFO sqlalchemy.engine.Engine SELECT whiteboards.id, whiteboards.user_id, whiteboards.name, whiteboards.elements, whiteboards.is_collaborative, whiteboards.created_at, whiteboards.updated_at 
FROM whiteboards 
WHERE whiteboards.id = ? AND whiteboards.user_id = ?
2026-08-08 22:53:18,124 INFO sqlalchemy.engine.Engine [generated in 0.00081s] ('99ada45110354a7db33c649e2e7238f3', '491aec6c630d4c319fa5cf7926dd826f')
2026-08-08 22:53:18,127 INFO sqlalchemy.engine.Engine ROLLBACK
INFO:     127.0.0.1:1067 - "GET /api/whiteboards/99ada451-1035-4a7d-b33c-649e2e7238f3 HTTP/1.1" 404 Not Found
2026-08-08 22:53:20,872 INFO sqlalchemy.engine.Engine BEGIN (implicit)
2026-08-08 22:53:20,873 INFO sqlalchemy.engine.Engine SELECT users.id, users.email, users.username, users.full_name, users.hashed_password, users.role, users.avatar_url, users.university, users.course, users.semester, users.education_level, users.occupation, users.domain, users.learning_mode, users.preferences, users.is_active, users.is_verified, users.created_at, users.updated_at 
FROM users 
WHERE users.email = ?
2026-08-08 22:53:20,873 INFO sqlalchemy.engine.Engine [cached since 188.2s ago] ('iso-attacker-1786209757@academia.ai',)
2026-08-08 22:53:20,877 INFO sqlalchemy.engine.Engine SELECT subjects.id, subjects.user_id, subjects.name, subjects.description, subjects.university, subjects.semester, subjects.subject_code, subjects.icon, subjects.color, subjects.syllabus, subjects.extra_metadata, subjects.created_at, subjects.updated_at 
FROM subjects 
WHERE subjects.id = ? AND subjects.user_id = ?
2026-08-08 22:53:20,877 INFO sqlalchemy.engine.Engine [cached since 32.16s ago] ('36739994c4304f2ca876635ddaf53375', '491aec6c630d4c319fa5cf7926dd826f')
2026-08-08 22:53:20,880 INFO sqlalchemy.engine.Engine ROLLBACK
INFO:     127.0.0.1:1069 - "POST /api/subjects/36739994-c430-4f2c-a876-635ddaf53375/units/af3aa742-be73-4663-85a7-9a93dd5bd1e5/chapters HTTP/1.1" 404 Not Found
2026-08-08 22:53:23,616 INFO sqlalchemy.engine.Engine BEGIN (implicit)
2026-08-08 22:53:23,641 INFO sqlalchemy.engine.Engine SELECT users.id, users.email, users.username, users.full_name, users.hashed_password, users.role, users.avatar_url, users.university, users.course, users.semester, users.education_level, users.occupation, users.domain, users.learning_mode, users.preferences, users.is_active, users.is_verified, users.created_at, users.updated_at 
FROM users 
WHERE users.email = ?
2026-08-08 22:53:23,642 INFO sqlalchemy.engine.Engine [cached since 191s ago] ('iso-attacker-1786209757@academia.ai',)
2026-08-08 22:53:23,648 INFO sqlalchemy.engine.Engine SELECT subjects.id, subjects.user_id, subjects.name, subjects.description, subjects.university, subjects.semester, subjects.subject_code, subjects.icon, subjects.color, subjects.syllabus, subjects.extra_metadata, subjects.created_at, subjects.updated_at 
FROM subjects 
WHERE subjects.id = ? AND subjects.user_id = ?
2026-08-08 22:53:23,648 INFO sqlalchemy.engine.Engine [cached since 34.93s ago] ('36739994c4304f2ca876635ddaf53375', '491aec6c630d4c319fa5cf7926dd826f')
2026-08-08 22:53:30,199 INFO sqlalchemy.engine.Engine INSERT INTO quizzes (id, user_id, subject_id, topic_id, title, quiz_type, difficulty, time_limit_minutes, total_questions, score, passed, completed_at, created_at) VALUES (?, ?, ?, ?, ?, ?, ?, ?, ?, ?, ?, ?, ?)
2026-08-08 22:53:30,200 INFO sqlalchemy.engine.Engine [generated in 0.00072s] ('cc037571fc074199b7e522d69360267b', '491aec6c630d4c319fa5cf7926dd826f', '36739994c4304f2ca876635ddaf53375', None, 'x', 'mcq', 'medium', None, 1, None, None, None, '2026-08-08 17:23:30.199610')
2026-08-08 22:53:30,205 INFO sqlalchemy.engine.Engine COMMIT
2026-08-08 22:53:30,213 INFO sqlalchemy.engine.Engine BEGIN (implicit)
2026-08-08 22:53:30,214 INFO sqlalchemy.engine.Engine SELECT quizzes.id, quizzes.user_id, quizzes.subject_id, quizzes.topic_id, quizzes.title, quizzes.quiz_type, quizzes.difficulty, quizzes.time_limit_minutes, quizzes.total_questions, quizzes.score, quizzes.passed, quizzes.completed_at, quizzes.created_at 
FROM quizzes 
WHERE quizzes.id = ?
2026-08-08 22:53:30,215 INFO sqlalchemy.engine.Engine [generated in 0.00057s] ('cc037571fc074199b7e522d69360267b',)
2026-08-08 22:53:30,219 INFO sqlalchemy.engine.Engine INSERT INTO questions (id, quiz_id, topic_id, question_text, question_type, options, correct_answer, explanation, difficulty, marks, tags, created_at) VALUES (?, ?, ?, ?, ?, ?, ?, ?, ?, ?, ?, ?)
2026-08-08 22:53:30,220 INFO sqlalchemy.engine.Engine [generated in 0.00081s] ('b118b92a84ef4b2681f5b54c5d950e65', 'cc037571fc074199b7e522d69360267b', None, 'Which of the following best describes the process of photosynthesis in plants?', 'MCQ', '["The process by which plants absorb water and minerals from the soil.", "The process by which plants convert light energy into chemical energy using chlorophyll.", "The process by which plants release oxygen into the atmosphere.", "The process by which plants respire and produce carbon dioxide."]', 'The process by which plants convert light energy into chemical energy using chlorophyll.', 'Photosynthesis is the process where plants use sunlight, water, and carbon dioxide to produce glucose and oxygen. Chlorophyll, found in the leaves, absorbs sunlight and uses it to convert these substances into energy stored in glucose.', 3, 2, '[]', '2026-08-08 17:23:30.219557')
2026-08-08 22:53:30,224 INFO sqlalchemy.engine.Engine COMMIT
INFO:     127.0.0.1:1071 - "POST /api/tutor/quiz/generate HTTP/1.1" 200 OK
2026-08-08 22:53:32,635 INFO sqlalchemy.engine.Engine BEGIN (implicit)
2026-08-08 22:53:32,661 INFO sqlalchemy.engine.Engine SELECT users.id, users.email, users.username, users.full_name, users.hashed_password, users.role, users.avatar_url, users.university, users.course, users.semester, users.education_level, users.occupation, users.domain, users.learning_mode, users.preferences, users.is_active, users.is_verified, users.created_at, users.updated_at 
FROM users 
WHERE users.email = ?
2026-08-08 22:53:32,662 INFO sqlalchemy.engine.Engine [cached since 200s ago] ('iso-owner-1786209753@academia.ai',)
2026-08-08 22:53:32,664 INFO sqlalchemy.engine.Engine SELECT subjects.id, subjects.user_id, subjects.name, subjects.description, subjects.university, subjects.semester, subjects.subject_code, subjects.icon, subjects.color, subjects.syllabus, subjects.extra_metadata, subjects.created_at, subjects.updated_at 
FROM subjects 
WHERE subjects.id = ? AND subjects.user_id = ?
2026-08-08 22:53:32,665 INFO sqlalchemy.engine.Engine [cached since 43.95s ago] ('36739994c4304f2ca876635ddaf53375', '463fe13fe91b4f92a5896995020acbe8')
2026-08-08 22:53:32,668 INFO sqlalchemy.engine.Engine SELECT units.id, units.subject_id, units.name, units.description, units."order", units.created_at 
FROM units 
WHERE units.subject_id = ? ORDER BY units."order"
2026-08-08 22:53:32,669 INFO sqlalchemy.engine.Engine [generated in 0.00070s] ('36739994c4304f2ca876635ddaf53375',)
2026-08-08 22:53:32,674 INFO sqlalchemy.engine.Engine SELECT count(chapters.id) AS count_1 
FROM chapters 
WHERE chapters.unit_id = ?
2026-08-08 22:53:32,674 INFO sqlalchemy.engine.Engine [generated in 0.00090s] ('af3aa742be73466385a79a93dd5bd1e5',)
INFO:     127.0.0.1:2020 - "GET /api/subjects/36739994-c430-4f2c-a876-635ddaf53375/units HTTP/1.1" 200 OK
2026-08-08 22:53:32,678 INFO sqlalchemy.engine.Engine ROLLBACK
INFO:     127.0.0.1:33769 - "GET /api/subjects/36739994-c430-4f2c-a876-635ddaf53375/units/af3aa742-be73-4663-85a7-9a93dd5bd1e5/chapters HTTP/1.1" 401 Unauthorized
INFO:     127.0.0.1:4746 - "GET /api/subjects/36739994-c430-4f2c-a876-635ddaf53375/units/af3aa742-be73-4663-85a7-9a93dd5bd1e5/chapters/34ffddba-2b6c-427c-83dd-fb84142eed8e/topics HTTP/1.1" 401 Unauthorized
INFO:     127.0.0.1:4748 - "GET /api/subjects/topics/4d5f8d7f-22b0-4646-9969-ba838324c8d8/concepts HTTP/1.1" 401 Unauthorized
INFO:     127.0.0.1:4750 - "GET /api/workflow/36739994-c430-4f2c-a876-635ddaf53375 HTTP/1.1" 401 Unauthorized
2026-08-08 22:53:42,498 INFO sqlalchemy.engine.Engine BEGIN (implicit)
2026-08-08 22:53:42,499 INFO sqlalchemy.engine.Engine SELECT users.id, users.email, users.username, users.full_name, users.hashed_password, users.role, users.avatar_url, users.university, users.course, users.semester, users.education_level, users.occupation, users.domain, users.learning_mode, users.preferences, users.is_active, users.is_verified, users.created_at, users.updated_at 
FROM users 
WHERE users.email = ?
2026-08-08 22:53:42,500 INFO sqlalchemy.engine.Engine [cached since 209.9s ago] ('harshanseliyan28@gmail.com',)
2026-08-08 22:53:42,508 INFO sqlalchemy.engine.Engine SELECT notifications.id, notifications.user_id, notifications.title, notifications.message, notifications.notification_type, notifications.is_read, notifications.action_url, notifications.created_at 
FROM notifications 
WHERE notifications.user_id = ? ORDER BY notifications.created_at DESC
 LIMIT ? OFFSET ?
2026-08-08 22:53:42,509 INFO sqlalchemy.engine.Engine [cached since 209.8s ago] ('4796a7af3dad452e825d3bd45d386cca', 50, 0)
INFO:     127.0.0.1:59826 - "GET /api/notifications HTTP/1.1" 200 OK
2026-08-08 22:53:42,517 INFO sqlalchemy.engine.Engine ROLLBACK
2026-08-08 22:53:42,530 INFO sqlalchemy.engine.Engine BEGIN (implicit)
2026-08-08 22:53:42,532 INFO sqlalchemy.engine.Engine SELECT users.id, users.email, users.username, users.full_name, users.hashed_password, users.role, users.avatar_url, users.university, users.course, users.semester, users.education_level, users.occupation, users.domain, users.learning_mode, users.preferences, users.is_active, users.is_verified, users.created_at, users.updated_at 
FROM users 
WHERE users.email = ?
2026-08-08 22:53:42,532 INFO sqlalchemy.engine.Engine [cached since 209.9s ago] ('harshanseliyan28@gmail.com',)
2026-08-08 22:53:42,539 INFO sqlalchemy.engine.Engine SELECT notifications.id, notifications.user_id, notifications.title, notifications.message, notifications.notification_type, notifications.is_read, notifications.action_url, notifications.created_at 
FROM notifications 
WHERE notifications.user_id = ? ORDER BY notifications.created_at DESC
 LIMIT ? OFFSET ?
2026-08-08 22:53:42,539 INFO sqlalchemy.engine.Engine [cached since 209.9s ago] ('4796a7af3dad452e825d3bd45d386cca', 50, 0)
INFO:     127.0.0.1:59826 - "GET /api/notifications HTTP/1.1" 200 OK
2026-08-08 22:53:42,546 INFO sqlalchemy.engine.Engine ROLLBACK
INFO:     127.0.0.1:4105 - "GET /api/whiteboards/99ada451-1035-4a7d-b33c-649e2e7238f3 HTTP/1.1" 401 Unauthorized
INFO:     127.0.0.1:37669 - "GET /api/subjects/ HTTP/1.1" 401 Unauthorized
INFO:     127.0.0.1:6603 - "GET /api/subjects/ HTTP/1.1" 401 Unauthorized
2026-08-08 22:53:53,635 INFO sqlalchemy.engine.Engine BEGIN (implicit)
2026-08-08 22:53:53,637 INFO sqlalchemy.engine.Engine SELECT users.id, users.email, users.username, users.full_name, users.hashed_password, users.role, users.avatar_url, users.university, users.course, users.semester, users.education_level, users.occupation, users.domain, users.learning_mode, users.preferences, users.is_active, users.is_verified, users.created_at, users.updated_at 
FROM users 
WHERE users.email = ?
2026-08-08 22:53:53,637 INFO sqlalchemy.engine.Engine [cached since 221s ago] ('harshanseliyan28@gmail.com',)
2026-08-08 22:53:53,642 INFO sqlalchemy.engine.Engine SELECT notifications.id, notifications.user_id, notifications.title, notifications.message, notifications.notification_type, notifications.is_read, notifications.action_url, notifications.created_at 
FROM notifications 
WHERE notifications.user_id = ? ORDER BY notifications.created_at DESC
 LIMIT ? OFFSET ?
2026-08-08 22:53:53,643 INFO sqlalchemy.engine.Engine [cached since 221s ago] ('4796a7af3dad452e825d3bd45d386cca', 50, 0)
INFO:     127.0.0.1:29460 - "GET /api/notifications HTTP/1.1" 200 OK
2026-08-08 22:53:53,652 INFO sqlalchemy.engine.Engine ROLLBACK
INFO:     127.0.0.1:29460 - "OPTIONS /api/knowledge-graph HTTP/1.1" 200 OK
INFO:     127.0.0.1:29460 - "OPTIONS /api/knowledge-graph HTTP/1.1" 200 OK
2026-08-08 22:53:56,073 INFO sqlalchemy.engine.Engine BEGIN (implicit)
2026-08-08 22:53:56,074 INFO sqlalchemy.engine.Engine SELECT users.id, users.email, users.username, users.full_name, users.hashed_password, users.role, users.avatar_url, users.university, users.course, users.semester, users.education_level, users.occupation, users.domain, users.learning_mode, users.preferences, users.is_active, users.is_verified, users.created_at, users.updated_at 
FROM users 
WHERE users.email = ?
2026-08-08 22:53:56,075 INFO sqlalchemy.engine.Engine [cached since 223.4s ago] ('harshanseliyan28@gmail.com',)
2026-08-08 22:54:08,469 INFO sqlalchemy.engine.Engine BEGIN (implicit)
2026-08-08 22:54:08,476 INFO sqlalchemy.engine.Engine SELECT concepts.id, concepts.topic_id, concepts.name, concepts.explanation, concepts.definition, concepts.formula, concepts.code_example, concepts.analogy, concepts.examples, concepts.difficulty, concepts.importance, concepts.parent_concept_id, concepts.exam_frequency, concepts.extra_metadata, concepts.created_at 
FROM concepts
2026-08-08 22:54:08,477 INFO sqlalchemy.engine.Engine [generated in 0.00150s] ()
2026-08-08 22:54:08,490 INFO sqlalchemy.engine.Engine SELECT topics.id AS topics_id, topics.chapter_id AS topics_chapter_id, topics.name AS topics_name, topics.content AS topics_content, topics.summary AS topics_summary, topics."order" AS topics_order, topics.difficulty AS topics_difficulty, topics.importance AS topics_importance, topics.prerequisites AS topics_prerequisites, topics.tags AS topics_tags, topics.created_at AS topics_created_at 
FROM topics 
WHERE topics.id = ?
2026-08-08 22:54:08,491 INFO sqlalchemy.engine.Engine [generated in 0.00096s] ('548d6b5ad6514b3ea7846fd9a1ff2761',)
2026-08-08 22:54:08,499 INFO sqlalchemy.engine.Engine ROLLBACK
2026-08-08 22:54:08,501 INFO sqlalchemy.engine.Engine BEGIN (implicit)
2026-08-08 22:54:08,502 INFO sqlalchemy.engine.Engine SELECT users.id, users.email, users.username, users.full_name, users.hashed_password, users.role, users.avatar_url, users.university, users.course, users.semester, users.education_level, users.occupation, users.domain, users.learning_mode, users.preferences, users.is_active, users.is_verified, users.created_at, users.updated_at 
FROM users 
WHERE users.email = ?
2026-08-08 22:54:08,503 INFO sqlalchemy.engine.Engine [cached since 235.9s ago] ('harshanseliyan28@gmail.com',)
2026-08-08 22:54:08,504 INFO sqlalchemy.engine.Engine ROLLBACK
INFO:     127.0.0.1:29460 - "GET /api/knowledge-graph HTTP/1.1" 500 Internal Server Error
2026-08-08 22:54:09,822 INFO sqlalchemy.engine.Engine SELECT notifications.id, notifications.user_id, notifications.title, notifications.message, notifications.notification_type, notifications.is_read, notifications.action_url, notifications.created_at 
FROM notifications 
WHERE notifications.user_id = ? ORDER BY notifications.created_at DESC
 LIMIT ? OFFSET ?
2026-08-08 22:54:09,832 INFO sqlalchemy.engine.Engine [cached since 237.2s ago] ('4796a7af3dad452e825d3bd45d386cca', 50, 0)
INFO:     127.0.0.1:5041 - "GET /api/notifications HTTP/1.1" 200 OK
2026-08-08 22:54:09,838 INFO sqlalchemy.engine.Engine ROLLBACK
INFO:     127.0.0.1:5041 - "GET /api/knowledge-graph HTTP/1.1" 401 Unauthorized
2026-08-08 22:54:09,865 INFO sqlalchemy.engine.Engine BEGIN (implicit)
2026-08-08 22:54:09,869 INFO sqlalchemy.engine.Engine SELECT users.id, users.email, users.username, users.full_name, users.hashed_password, users.role, users.avatar_url, users.university, users.course, users.semester, users.education_level, users.occupation, users.domain, users.learning_mode, users.preferences, users.is_active, users.is_verified, users.created_at, users.updated_at 
FROM users 
WHERE users.email = ?
2026-08-08 22:54:09,872 INFO sqlalchemy.engine.Engine [cached since 237.2s ago] ('harshanseliyan28@gmail.com',)
2026-08-08 22:54:09,876 INFO sqlalchemy.engine.Engine SELECT notifications.id, notifications.user_id, notifications.title, notifications.message, notifications.notification_type, notifications.is_read, notifications.action_url, notifications.created_at 
FROM notifications 
WHERE notifications.user_id = ? ORDER BY notifications.created_at DESC
 LIMIT ? OFFSET ?
2026-08-08 22:54:09,877 INFO sqlalchemy.engine.Engine [cached since 237.2s ago] ('4796a7af3dad452e825d3bd45d386cca', 50, 0)
INFO:     127.0.0.1:5041 - "GET /api/notifications HTTP/1.1" 200 OK
2026-08-08 22:54:09,884 INFO sqlalchemy.engine.Engine ROLLBACK
2026-08-08 22:54:12,708 INFO sqlalchemy.engine.Engine BEGIN (implicit)
2026-08-08 22:54:12,999 INFO sqlalchemy.engine.Engine SELECT users.id, users.email, users.username, users.full_name, users.hashed_password, users.role, users.avatar_url, users.university, users.course, users.semester, users.education_level, users.occupation, users.domain, users.learning_mode, users.preferences, users.is_active, users.is_verified, users.created_at, users.updated_at 
FROM users 
WHERE users.email = ?
2026-08-08 22:54:13,001 INFO sqlalchemy.engine.Engine [cached since 240.4s ago] ('harshanseliyan28@gmail.com',)
2026-08-08 22:54:13,017 INFO sqlalchemy.engine.Engine SELECT notifications.id, notifications.user_id, notifications.title, notifications.message, notifications.notification_type, notifications.is_read, notifications.action_url, notifications.created_at 
FROM notifications 
WHERE notifications.user_id = ? ORDER BY notifications.created_at DESC
 LIMIT ? OFFSET ?
2026-08-08 22:54:13,027 INFO sqlalchemy.engine.Engine [cached since 240.4s ago] ('4796a7af3dad452e825d3bd45d386cca', 50, 0)
INFO:     127.0.0.1:5041 - "GET /api/notifications HTTP/1.1" 200 OK
2026-08-08 22:54:13,036 INFO sqlalchemy.engine.Engine ROLLBACK
2026-08-08 22:54:24,304 INFO sqlalchemy.engine.Engine BEGIN (implicit)
2026-08-08 22:54:24,305 INFO sqlalchemy.engine.Engine SELECT users.id, users.email, users.username, users.full_name, users.hashed_password, users.role, users.avatar_url, users.university, users.course, users.semester, users.education_level, users.occupation, users.domain, users.learning_mode, users.preferences, users.is_active, users.is_verified, users.created_at, users.updated_at 
FROM users 
WHERE users.email = ?
2026-08-08 22:54:24,306 INFO sqlalchemy.engine.Engine [cached since 251.7s ago] ('harshanseliyan28@gmail.com',)
2026-08-08 22:54:24,309 INFO sqlalchemy.engine.Engine SELECT notifications.id, notifications.user_id, notifications.title, notifications.message, notifications.notification_type, notifications.is_read, notifications.action_url, notifications.created_at 
FROM notifications 
WHERE notifications.user_id = ? ORDER BY notifications.created_at DESC
 LIMIT ? OFFSET ?
2026-08-08 22:54:24,309 INFO sqlalchemy.engine.Engine [cached since 251.6s ago] ('4796a7af3dad452e825d3bd45d386cca', 50, 0)
INFO:     127.0.0.1:58293 - "GET /api/notifications HTTP/1.1" 200 OK
2026-08-08 22:54:24,314 INFO sqlalchemy.engine.Engine ROLLBACK
2026-08-08 22:54:28,098 INFO sqlalchemy.engine.Engine BEGIN (implicit)
2026-08-08 22:54:28,099 INFO sqlalchemy.engine.Engine SELECT users.id, users.email, users.username, users.full_name, users.hashed_password, users.role, users.avatar_url, users.university, users.course, users.semester, users.education_level, users.occupation, users.domain, users.learning_mode, users.preferences, users.is_active, users.is_verified, users.created_at, users.updated_at 
FROM users 
WHERE users.email = ?
2026-08-08 22:54:28,099 INFO sqlalchemy.engine.Engine [cached since 255.5s ago] ('iso-owner-1786209856@academia.ai',)
2026-08-08 22:54:28,101 INFO sqlalchemy.engine.Engine SELECT users.id, users.email, users.username, users.full_name, users.hashed_password, users.role, users.avatar_url, users.university, users.course, users.semester, users.education_level, users.occupation, users.domain, users.learning_mode, users.preferences, users.is_active, users.is_verified, users.created_at, users.updated_at 
FROM users 
WHERE users.username = ?
2026-08-08 22:54:28,101 INFO sqlalchemy.engine.Engine [cached since 102.6s ago] ('iso_owner_1786209856',)
2026-08-08 22:54:28,363 INFO sqlalchemy.engine.Engine INSERT INTO users (id, email, username, full_name, hashed_password, role, avatar_url, university, course, semester, education_level, occupation, domain, learning_mode, preferences, is_active, is_verified, created_at, updated_at) VALUES (?, ?, ?, ?, ?, ?, ?, ?, ?, ?, ?, ?, ?, ?, ?, ?, ?, ?, ?)
2026-08-08 22:54:28,364 INFO sqlalchemy.engine.Engine [cached since 102.5s ago] ('01d78b4540604a1387316f1319739ba3', 'iso-owner-1786209856@academia.ai', 'iso_owner_1786209856', 'Owner', '$2b$12$g.lL.YnVu1PZmOvQl1uYL.CRKfkwj3mxKeAyTH/uvRNCm.UoVrray', 'STUDENT', 'https://img.clerk.com/eyJ0eXBlIjoiZGVmYXVsdCIsImlpZCI6Imluc18zSGRscTRpT0hxYjROcU5vNW13N1pnOG9rQkMiLCJyaWQiOiJ1c2VyXzNIZHRjcm8yTDhrWnRiNW1JRlNUUkxTSVhIcSIsImluaXRpYWxzIjoiTyJ9', None, None, None, None, None, None, 'COLLEGE', '{}', 1, 1, '2026-08-08 17:24:28.363353', '2026-08-08 17:24:28.363358')
2026-08-08 22:54:28,366 INFO sqlalchemy.engine.Engine COMMIT
2026-08-08 22:54:28,372 INFO sqlalchemy.engine.Engine BEGIN (implicit)
2026-08-08 22:54:28,373 INFO sqlalchemy.engine.Engine SELECT users.id, users.email, users.username, users.full_name, users.hashed_password, users.role, users.avatar_url, users.university, users.course, users.semester, users.education_level, users.occupation, users.domain, users.learning_mode, users.preferences, users.is_active, users.is_verified, users.created_at, users.updated_at 
FROM users 
WHERE users.id = ?
2026-08-08 22:54:28,374 INFO sqlalchemy.engine.Engine [cached since 102.5s ago] ('01d78b4540604a1387316f1319739ba3',)
2026-08-08 22:54:28,377 INFO sqlalchemy.engine.Engine INSERT INTO subjects (id, user_id, name, description, university, semester, subject_code, icon, color, syllabus, extra_metadata, created_at, updated_at) VALUES (?, ?, ?, ?, ?, ?, ?, ?, ?, ?, ?, ?, ?)
2026-08-08 22:54:28,377 INFO sqlalchemy.engine.Engine [cached since 102.5s ago] ('a7f9ee18bba34d989bf17e4a5c283e82', '01d78b4540604a1387316f1319739ba3', 'Secret Subject 007', 'classified course material', None, None, None, None, None, '{}', '{}', '2026-08-08 17:24:28.377353', '2026-08-08 17:24:28.377356')
2026-08-08 22:54:28,380 INFO sqlalchemy.engine.Engine COMMIT
2026-08-08 22:54:28,386 INFO sqlalchemy.engine.Engine BEGIN (implicit)
2026-08-08 22:54:28,387 INFO sqlalchemy.engine.Engine SELECT subjects.id, subjects.user_id, subjects.name, subjects.description, subjects.university, subjects.semester, subjects.subject_code, subjects.icon, subjects.color, subjects.syllabus, subjects.extra_metadata, subjects.created_at, subjects.updated_at 
FROM subjects 
WHERE subjects.id = ?
2026-08-08 22:54:28,388 INFO sqlalchemy.engine.Engine [cached since 102.5s ago] ('a7f9ee18bba34d989bf17e4a5c283e82',)
INFO:     127.0.0.1:28178 - "POST /api/subjects/ HTTP/1.1" 200 OK
2026-08-08 22:54:28,391 INFO sqlalchemy.engine.Engine ROLLBACK
2026-08-08 22:54:30,885 INFO sqlalchemy.engine.Engine BEGIN (implicit)
2026-08-08 22:54:30,898 INFO sqlalchemy.engine.Engine SELECT users.id, users.email, users.username, users.full_name, users.hashed_password, users.role, users.avatar_url, users.university, users.course, users.semester, users.education_level, users.occupation, users.domain, users.learning_mode, users.preferences, users.is_active, users.is_verified, users.created_at, users.updated_at 
FROM users 
WHERE users.email = ?
2026-08-08 22:54:30,898 INFO sqlalchemy.engine.Engine [cached since 258.3s ago] ('iso-owner-1786209856@academia.ai',)
2026-08-08 22:54:30,902 INFO sqlalchemy.engine.Engine SELECT subjects.id, subjects.user_id, subjects.name, subjects.description, subjects.university, subjects.semester, subjects.subject_code, subjects.icon, subjects.color, subjects.syllabus, subjects.extra_metadata, subjects.created_at, subjects.updated_at 
FROM subjects 
WHERE subjects.id = ? AND subjects.user_id = ?
2026-08-08 22:54:30,902 INFO sqlalchemy.engine.Engine [cached since 102.2s ago] ('a7f9ee18bba34d989bf17e4a5c283e82', '01d78b4540604a1387316f1319739ba3')
2026-08-08 22:54:30,906 INFO sqlalchemy.engine.Engine INSERT INTO units (id, subject_id, name, description, "order", created_at) VALUES (?, ?, ?, ?, ?, ?)
2026-08-08 22:54:30,906 INFO sqlalchemy.engine.Engine [cached since 102.2s ago] ('753ae4c535b14404b224dfb67798d3e1', 'a7f9ee18bba34d989bf17e4a5c283e82', 'Unit X', None, 0, '2026-08-08 17:24:30.906212')
2026-08-08 22:54:30,911 INFO sqlalchemy.engine.Engine COMMIT
2026-08-08 22:54:30,918 INFO sqlalchemy.engine.Engine BEGIN (implicit)
2026-08-08 22:54:30,919 INFO sqlalchemy.engine.Engine SELECT units.id, units.subject_id, units.name, units.description, units."order", units.created_at 
FROM units 
WHERE units.id = ?
2026-08-08 22:54:30,919 INFO sqlalchemy.engine.Engine [cached since 102.2s ago] ('753ae4c535b14404b224dfb67798d3e1',)
INFO:     127.0.0.1:28181 - "POST /api/subjects/a7f9ee18-bba3-4d98-9bf1-7e4a5c283e82/units HTTP/1.1" 200 OK
2026-08-08 22:54:30,923 INFO sqlalchemy.engine.Engine ROLLBACK
2026-08-08 22:54:33,383 INFO sqlalchemy.engine.Engine BEGIN (implicit)
2026-08-08 22:54:33,410 INFO sqlalchemy.engine.Engine SELECT users.id, users.email, users.username, users.full_name, users.hashed_password, users.role, users.avatar_url, users.university, users.course, users.semester, users.education_level, users.occupation, users.domain, users.learning_mode, users.preferences, users.is_active, users.is_verified, users.created_at, users.updated_at 
FROM users 
WHERE users.email = ?
2026-08-08 22:54:33,410 INFO sqlalchemy.engine.Engine [cached since 260.8s ago] ('iso-owner-1786209856@academia.ai',)
2026-08-08 22:54:33,413 INFO sqlalchemy.engine.Engine SELECT subjects.id, subjects.user_id, subjects.name, subjects.description, subjects.university, subjects.semester, subjects.subject_code, subjects.icon, subjects.color, subjects.syllabus, subjects.extra_metadata, subjects.created_at, subjects.updated_at 
FROM subjects 
WHERE subjects.id = ? AND subjects.user_id = ?
2026-08-08 22:54:33,414 INFO sqlalchemy.engine.Engine [cached since 104.7s ago] ('a7f9ee18bba34d989bf17e4a5c283e82', '01d78b4540604a1387316f1319739ba3')
2026-08-08 22:54:33,416 INFO sqlalchemy.engine.Engine SELECT units.id, units.subject_id, units.name, units.description, units."order", units.created_at 
FROM units 
WHERE units.id = ? AND units.subject_id = ?
2026-08-08 22:54:33,417 INFO sqlalchemy.engine.Engine [cached since 101.9s ago] ('753ae4c535b14404b224dfb67798d3e1', 'a7f9ee18bba34d989bf17e4a5c283e82')
2026-08-08 22:54:33,420 INFO sqlalchemy.engine.Engine INSERT INTO chapters (id, unit_id, name, description, "order", estimated_hours, difficulty, created_at) VALUES (?, ?, ?, ?, ?, ?, ?, ?)
2026-08-08 22:54:33,420 INFO sqlalchemy.engine.Engine [cached since 101.9s ago] ('687131c8672846d09e0218aa59f3cdcf', '753ae4c535b14404b224dfb67798d3e1', 'Chapter Y', None, 0, 1.0, 1, '2026-08-08 17:24:33.420006')
2026-08-08 22:54:33,424 INFO sqlalchemy.engine.Engine COMMIT
2026-08-08 22:54:33,430 INFO sqlalchemy.engine.Engine BEGIN (implicit)
2026-08-08 22:54:33,431 INFO sqlalchemy.engine.Engine SELECT chapters.id, chapters.unit_id, chapters.name, chapters.description, chapters."order", chapters.estimated_hours, chapters.difficulty, chapters.created_at 
FROM chapters 
WHERE chapters.id = ?
2026-08-08 22:54:33,432 INFO sqlalchemy.engine.Engine [cached since 101.9s ago] ('687131c8672846d09e0218aa59f3cdcf',)
INFO:     127.0.0.1:35710 - "POST /api/subjects/a7f9ee18-bba3-4d98-9bf1-7e4a5c283e82/units/753ae4c5-35b1-4404-b224-dfb67798d3e1/chapters HTTP/1.1" 200 OK
2026-08-08 22:54:33,435 INFO sqlalchemy.engine.Engine ROLLBACK
2026-08-08 22:54:35,887 INFO sqlalchemy.engine.Engine BEGIN (implicit)
2026-08-08 22:54:35,888 INFO sqlalchemy.engine.Engine SELECT users.id, users.email, users.username, users.full_name, users.hashed_password, users.role, users.avatar_url, users.university, users.course, users.semester, users.education_level, users.occupation, users.domain, users.learning_mode, users.preferences, users.is_active, users.is_verified, users.created_at, users.updated_at 
FROM users 
WHERE users.email = ?
2026-08-08 22:54:35,889 INFO sqlalchemy.engine.Engine [cached since 263.3s ago] ('iso-owner-1786209856@academia.ai',)
2026-08-08 22:54:35,891 INFO sqlalchemy.engine.Engine SELECT subjects.id, subjects.user_id, subjects.name, subjects.description, subjects.university, subjects.semester, subjects.subject_code, subjects.icon, subjects.color, subjects.syllabus, subjects.extra_metadata, subjects.created_at, subjects.updated_at 
FROM subjects 
WHERE subjects.id = ? AND subjects.user_id = ?
2026-08-08 22:54:35,892 INFO sqlalchemy.engine.Engine [cached since 107.2s ago] ('a7f9ee18bba34d989bf17e4a5c283e82', '01d78b4540604a1387316f1319739ba3')
2026-08-08 22:54:35,894 INFO sqlalchemy.engine.Engine SELECT chapters.id, chapters.unit_id, chapters.name, chapters.description, chapters."order", chapters.estimated_hours, chapters.difficulty, chapters.created_at 
FROM chapters 
WHERE chapters.id = ? AND chapters.unit_id = ?
2026-08-08 22:54:35,895 INFO sqlalchemy.engine.Engine [cached since 101.5s ago] ('687131c8672846d09e0218aa59f3cdcf', '753ae4c535b14404b224dfb67798d3e1')
2026-08-08 22:54:35,898 INFO sqlalchemy.engine.Engine INSERT INTO topics (id, chapter_id, name, content, summary, "order", difficulty, importance, prerequisites, tags, created_at) VALUES (?, ?, ?, ?, ?, ?, ?, ?, ?, ?, ?)
2026-08-08 22:54:35,898 INFO sqlalchemy.engine.Engine [cached since 101.5s ago] ('ba62c8d55efd48968e2dd41abfd27115', '687131c8672846d09e0218aa59f3cdcf', 'Topic Z', "TOP-SECRET: owner's private notes", None, 0, 1, 5, '[]', '[]', '2026-08-08 17:24:35.898039')
2026-08-08 22:54:35,902 INFO sqlalchemy.engine.Engine COMMIT
2026-08-08 22:54:35,907 INFO sqlalchemy.engine.Engine BEGIN (implicit)
2026-08-08 22:54:35,908 INFO sqlalchemy.engine.Engine SELECT topics.id, topics.chapter_id, topics.name, topics.content, topics.summary, topics."order", topics.difficulty, topics.importance, topics.prerequisites, topics.tags, topics.created_at 
FROM topics 
WHERE topics.id = ?
2026-08-08 22:54:35,908 INFO sqlalchemy.engine.Engine [cached since 101.5s ago] ('ba62c8d55efd48968e2dd41abfd27115',)
INFO:     127.0.0.1:46295 - "POST /api/subjects/a7f9ee18-bba3-4d98-9bf1-7e4a5c283e82/units/753ae4c5-35b1-4404-b224-dfb67798d3e1/chapters/687131c8-6728-46d0-9e02-18aa59f3cdcf/topics HTTP/1.1" 200 OK
2026-08-08 22:54:35,912 INFO sqlalchemy.engine.Engine ROLLBACK
2026-08-08 22:54:38,444 INFO sqlalchemy.engine.Engine BEGIN (implicit)
2026-08-08 22:54:38,445 INFO sqlalchemy.engine.Engine SELECT users.id, users.email, users.username, users.full_name, users.hashed_password, users.role, users.avatar_url, users.university, users.course, users.semester, users.education_level, users.occupation, users.domain, users.learning_mode, users.preferences, users.is_active, users.is_verified, users.created_at, users.updated_at 
FROM users 
WHERE users.email = ?
2026-08-08 22:54:38,446 INFO sqlalchemy.engine.Engine [cached since 265.8s ago] ('iso-owner-1786209856@academia.ai',)
2026-08-08 22:54:38,448 INFO sqlalchemy.engine.Engine INSERT INTO whiteboards (id, user_id, name, elements, is_collaborative, created_at, updated_at) VALUES (?, ?, ?, ?, ?, ?, ?)
2026-08-08 22:54:38,448 INFO sqlalchemy.engine.Engine [cached since 101.3s ago] ('8d183f35db9a4efa85f4db51cf3aea9e', '01d78b4540604a1387316f1319739ba3', "Owner's board", '[]', 0, '2026-08-08 17:24:38.448409', '2026-08-08 17:24:38.448413')
2026-08-08 22:54:38,453 INFO sqlalchemy.engine.Engine COMMIT
2026-08-08 22:54:38,460 INFO sqlalchemy.engine.Engine BEGIN (implicit)
2026-08-08 22:54:38,461 INFO sqlalchemy.engine.Engine SELECT whiteboards.id, whiteboards.user_id, whiteboards.name, whiteboards.elements, whiteboards.is_collaborative, whiteboards.created_at, whiteboards.updated_at 
FROM whiteboards 
WHERE whiteboards.id = ?
2026-08-08 22:54:38,461 INFO sqlalchemy.engine.Engine [cached since 101.3s ago] ('8d183f35db9a4efa85f4db51cf3aea9e',)
INFO:     127.0.0.1:46297 - "POST /api/whiteboards HTTP/1.1" 200 OK
2026-08-08 22:54:38,465 INFO sqlalchemy.engine.Engine ROLLBACK
2026-08-08 22:54:42,140 INFO sqlalchemy.engine.Engine BEGIN (implicit)
2026-08-08 22:54:42,142 INFO sqlalchemy.engine.Engine SELECT users.id, users.email, users.username, users.full_name, users.hashed_password, users.role, users.avatar_url, users.university, users.course, users.semester, users.education_level, users.occupation, users.domain, users.learning_mode, users.preferences, users.is_active, users.is_verified, users.created_at, users.updated_at 
FROM users 
WHERE users.email = ?
2026-08-08 22:54:42,142 INFO sqlalchemy.engine.Engine [cached since 269.5s ago] ('iso-attacker-1786209859@academia.ai',)
2026-08-08 22:54:42,145 INFO sqlalchemy.engine.Engine SELECT users.id, users.email, users.username, users.full_name, users.hashed_password, users.role, users.avatar_url, users.university, users.course, users.semester, users.education_level, users.occupation, users.domain, users.learning_mode, users.preferences, users.is_active, users.is_verified, users.created_at, users.updated_at 
FROM users 
WHERE users.username = ?
2026-08-08 22:54:42,146 INFO sqlalchemy.engine.Engine [cached since 116.7s ago] ('iso_attacker_1786209859',)
2026-08-08 22:54:42,416 INFO sqlalchemy.engine.Engine INSERT INTO users (id, email, username, full_name, hashed_password, role, avatar_url, university, course, semester, education_level, occupation, domain, learning_mode, preferences, is_active, is_verified, created_at, updated_at) VALUES (?, ?, ?, ?, ?, ?, ?, ?, ?, ?, ?, ?, ?, ?, ?, ?, ?, ?, ?)
2026-08-08 22:54:42,418 INFO sqlalchemy.engine.Engine [cached since 116.5s ago] ('0d4b10ab0e834755b48233237b33c46b', 'iso-attacker-1786209859@academia.ai', 'iso_attacker_1786209859', 'Attacker', '$2b$12$4qnwRkGw.Dh3RbjFH9d69OHDPVzJXnvIG0PHQj4Z.KT3dnWJWItgC', 'STUDENT', 'https://img.clerk.com/eyJ0eXBlIjoiZGVmYXVsdCIsImlpZCI6Imluc18zSGRscTRpT0hxYjROcU5vNW13N1pnOG9rQkMiLCJyaWQiOiJ1c2VyXzNIZHRkOEx6QUw4Ym9Rd3BjbXBDM090bDZ2MSIsImluaXRpYWxzIjoiQSJ9', None, None, None, None, None, None, 'COLLEGE', '{}', 1, 1, '2026-08-08 17:24:42.416672', '2026-08-08 17:24:42.416676')
2026-08-08 22:54:42,420 INFO sqlalchemy.engine.Engine COMMIT
2026-08-08 22:54:42,427 INFO sqlalchemy.engine.Engine BEGIN (implicit)
2026-08-08 22:54:42,427 INFO sqlalchemy.engine.Engine SELECT users.id, users.email, users.username, users.full_name, users.hashed_password, users.role, users.avatar_url, users.university, users.course, users.semester, users.education_level, users.occupation, users.domain, users.learning_mode, users.preferences, users.is_active, users.is_verified, users.created_at, users.updated_at 
FROM users 
WHERE users.id = ?
2026-08-08 22:54:42,428 INFO sqlalchemy.engine.Engine [cached since 116.5s ago] ('0d4b10ab0e834755b48233237b33c46b',)
2026-08-08 22:54:42,431 INFO sqlalchemy.engine.Engine SELECT subjects.id, subjects.user_id, subjects.name, subjects.description, subjects.university, subjects.semester, subjects.subject_code, subjects.icon, subjects.color, subjects.syllabus, subjects.extra_metadata, subjects.created_at, subjects.updated_at 
FROM subjects 
WHERE subjects.id = ? AND subjects.user_id = ?
2026-08-08 22:54:42,432 INFO sqlalchemy.engine.Engine [cached since 113.7s ago] ('a7f9ee18bba34d989bf17e4a5c283e82', '0d4b10ab0e834755b48233237b33c46b')
2026-08-08 22:54:42,433 INFO sqlalchemy.engine.Engine ROLLBACK
INFO:     127.0.0.1:46299 - "GET /api/subjects/a7f9ee18-bba3-4d98-9bf1-7e4a5c283e82 HTTP/1.1" 404 Not Found
2026-08-08 22:54:44,944 INFO sqlalchemy.engine.Engine BEGIN (implicit)
2026-08-08 22:54:44,945 INFO sqlalchemy.engine.Engine SELECT users.id, users.email, users.username, users.full_name, users.hashed_password, users.role, users.avatar_url, users.university, users.course, users.semester, users.education_level, users.occupation, users.domain, users.learning_mode, users.preferences, users.is_active, users.is_verified, users.created_at, users.updated_at 
FROM users 
WHERE users.email = ?
2026-08-08 22:54:44,946 INFO sqlalchemy.engine.Engine [cached since 272.3s ago] ('iso-attacker-1786209859@academia.ai',)
2026-08-08 22:54:44,948 INFO sqlalchemy.engine.Engine SELECT subjects.id, subjects.user_id, subjects.name, subjects.description, subjects.university, subjects.semester, subjects.subject_code, subjects.icon, subjects.color, subjects.syllabus, subjects.extra_metadata, subjects.created_at, subjects.updated_at 
FROM subjects 
WHERE subjects.id = ? AND subjects.user_id = ?
2026-08-08 22:54:44,950 INFO sqlalchemy.engine.Engine [cached since 116.2s ago] ('a7f9ee18bba34d989bf17e4a5c283e82', '0d4b10ab0e834755b48233237b33c46b')
2026-08-08 22:54:44,954 INFO sqlalchemy.engine.Engine ROLLBACK
INFO:     127.0.0.1:46302 - "GET /api/subjects/a7f9ee18-bba3-4d98-9bf1-7e4a5c283e82/units HTTP/1.1" 404 Not Found
2026-08-08 22:54:47,481 INFO sqlalchemy.engine.Engine BEGIN (implicit)
2026-08-08 22:54:47,482 INFO sqlalchemy.engine.Engine SELECT users.id, users.email, users.username, users.full_name, users.hashed_password, users.role, users.avatar_url, users.university, users.course, users.semester, users.education_level, users.occupation, users.domain, users.learning_mode, users.preferences, users.is_active, users.is_verified, users.created_at, users.updated_at 
FROM users 
WHERE users.email = ?
2026-08-08 22:54:47,483 INFO sqlalchemy.engine.Engine [cached since 274.9s ago] ('iso-attacker-1786209859@academia.ai',)
2026-08-08 22:54:47,486 INFO sqlalchemy.engine.Engine SELECT subjects.id, subjects.user_id, subjects.name, subjects.description, subjects.university, subjects.semester, subjects.subject_code, subjects.icon, subjects.color, subjects.syllabus, subjects.extra_metadata, subjects.created_at, subjects.updated_at 
FROM subjects 
WHERE subjects.id = ? AND subjects.user_id = ?
2026-08-08 22:54:47,487 INFO sqlalchemy.engine.Engine [cached since 118.8s ago] ('a7f9ee18bba34d989bf17e4a5c283e82', '0d4b10ab0e834755b48233237b33c46b')
2026-08-08 22:54:47,489 INFO sqlalchemy.engine.Engine ROLLBACK
INFO:     127.0.0.1:60665 - "GET /api/subjects/a7f9ee18-bba3-4d98-9bf1-7e4a5c283e82/units/753ae4c5-35b1-4404-b224-dfb67798d3e1/chapters HTTP/1.1" 404 Not Found
2026-08-08 22:55:05,524 INFO sqlalchemy.engine.Engine BEGIN (implicit)
2026-08-08 22:55:05,531 INFO sqlalchemy.engine.Engine SELECT users.id, users.email, users.username, users.full_name, users.hashed_password, users.role, users.avatar_url, users.university, users.course, users.semester, users.education_level, users.occupation, users.domain, users.learning_mode, users.preferences, users.is_active, users.is_verified, users.created_at, users.updated_at 
FROM users 
WHERE users.email = ?
2026-08-08 22:55:05,532 INFO sqlalchemy.engine.Engine [cached since 292.9s ago] ('harshanseliyan28@gmail.com',)
2026-08-08 22:55:05,541 INFO sqlalchemy.engine.Engine SELECT notifications.id, notifications.user_id, notifications.title, notifications.message, notifications.notification_type, notifications.is_read, notifications.action_url, notifications.created_at 
FROM notifications 
WHERE notifications.user_id = ? ORDER BY notifications.created_at DESC
 LIMIT ? OFFSET ?
2026-08-08 22:55:05,544 INFO sqlalchemy.engine.Engine [cached since 292.9s ago] ('4796a7af3dad452e825d3bd45d386cca', 50, 0)
INFO:     127.0.0.1:56470 - "GET /api/notifications HTTP/1.1" 200 OK
2026-08-08 22:55:05,549 INFO sqlalchemy.engine.Engine ROLLBACK
2026-08-08 22:55:05,553 INFO sqlalchemy.engine.Engine BEGIN (implicit)
2026-08-08 22:55:05,555 INFO sqlalchemy.engine.Engine SELECT users.id, users.email, users.username, users.full_name, users.hashed_password, users.role, users.avatar_url, users.university, users.course, users.semester, users.education_level, users.occupation, users.domain, users.learning_mode, users.preferences, users.is_active, users.is_verified, users.created_at, users.updated_at 
FROM users 
WHERE users.email = ?
2026-08-08 22:55:05,555 INFO sqlalchemy.engine.Engine [cached since 292.9s ago] ('harshanseliyan28@gmail.com',)
2026-08-08 22:55:05,559 INFO sqlalchemy.engine.Engine SELECT notifications.id, notifications.user_id, notifications.title, notifications.message, notifications.notification_type, notifications.is_read, notifications.action_url, notifications.created_at 
FROM notifications 
WHERE notifications.user_id = ? ORDER BY notifications.created_at DESC
 LIMIT ? OFFSET ?
2026-08-08 22:55:05,559 INFO sqlalchemy.engine.Engine [cached since 292.9s ago] ('4796a7af3dad452e825d3bd45d386cca', 50, 0)
INFO:     127.0.0.1:17280 - "GET /api/notifications HTTP/1.1" 200 OK
2026-08-08 22:55:05,563 INFO sqlalchemy.engine.Engine ROLLBACK
2026-08-08 22:55:09,325 INFO sqlalchemy.engine.Engine BEGIN (implicit)
2026-08-08 22:55:09,326 INFO sqlalchemy.engine.Engine SELECT users.id, users.email, users.username, users.full_name, users.hashed_password, users.role, users.avatar_url, users.university, users.course, users.semester, users.education_level, users.occupation, users.domain, users.learning_mode, users.preferences, users.is_active, users.is_verified, users.created_at, users.updated_at 
FROM users 
WHERE users.email = ?
2026-08-08 22:55:09,327 INFO sqlalchemy.engine.Engine [cached since 296.7s ago] ('harshanseliyan28@gmail.com',)
2026-08-08 22:55:09,331 INFO sqlalchemy.engine.Engine SELECT notifications.id, notifications.user_id, notifications.title, notifications.message, notifications.notification_type, notifications.is_read, notifications.action_url, notifications.created_at 
FROM notifications 
WHERE notifications.user_id = ? ORDER BY notifications.created_at DESC
 LIMIT ? OFFSET ?
2026-08-08 22:55:09,332 INFO sqlalchemy.engine.Engine [cached since 296.7s ago] ('4796a7af3dad452e825d3bd45d386cca', 50, 0)
INFO:     127.0.0.1:17280 - "GET /api/notifications HTTP/1.1" 200 OK
2026-08-08 22:55:09,337 INFO sqlalchemy.engine.Engine ROLLBACK
INFO:     127.0.0.1:55973 - "OPTIONS /api/notifications HTTP/1.1" 200 OK
2026-08-08 22:58:32,107 INFO sqlalchemy.engine.Engine BEGIN (implicit)
2026-08-08 22:58:32,109 INFO sqlalchemy.engine.Engine SELECT users.id, users.email, users.username, users.full_name, users.hashed_password, users.role, users.avatar_url, users.university, users.course, users.semester, users.education_level, users.occupation, users.domain, users.learning_mode, users.preferences, users.is_active, users.is_verified, users.created_at, users.updated_at 
FROM users 
WHERE users.email = ?
2026-08-08 22:58:32,110 INFO sqlalchemy.engine.Engine [cached since 499.5s ago] ('harshanseliyan28@gmail.com',)
2026-08-08 22:58:32,115 INFO sqlalchemy.engine.Engine SELECT notifications.id, notifications.user_id, notifications.title, notifications.message, notifications.notification_type, notifications.is_read, notifications.action_url, notifications.created_at 
FROM notifications 
WHERE notifications.user_id = ? ORDER BY notifications.created_at DESC
 LIMIT ? OFFSET ?
2026-08-08 22:58:32,117 INFO sqlalchemy.engine.Engine [cached since 499.4s ago] ('4796a7af3dad452e825d3bd45d386cca', 50, 0)
INFO:     127.0.0.1:55973 - "GET /api/notifications HTTP/1.1" 200 OK
2026-08-08 22:58:32,129 INFO sqlalchemy.engine.Engine ROLLBACK
2026-08-08 22:59:31,624 INFO sqlalchemy.engine.Engine BEGIN (implicit)
2026-08-08 22:59:31,626 INFO sqlalchemy.engine.Engine SELECT users.id, users.email, users.username, users.full_name, users.hashed_password, users.role, users.avatar_url, users.university, users.course, users.semester, users.education_level, users.occupation, users.domain, users.learning_mode, users.preferences, users.is_active, users.is_verified, users.created_at, users.updated_at 
FROM users 
WHERE users.email = ?
2026-08-08 22:59:31,626 INFO sqlalchemy.engine.Engine [cached since 559s ago] ('harshanseliyan28@gmail.com',)
2026-08-08 22:59:31,629 INFO sqlalchemy.engine.Engine SELECT notifications.id, notifications.user_id, notifications.title, notifications.message, notifications.notification_type, notifications.is_read, notifications.action_url, notifications.created_at 
FROM notifications 
WHERE notifications.user_id = ? ORDER BY notifications.created_at DESC
 LIMIT ? OFFSET ?
2026-08-08 22:59:31,630 INFO sqlalchemy.engine.Engine [cached since 559s ago] ('4796a7af3dad452e825d3bd45d386cca', 50, 0)
INFO:     127.0.0.1:51322 - "GET /api/notifications HTTP/1.1" 200 OK
2026-08-08 22:59:31,636 INFO sqlalchemy.engine.Engine ROLLBACK
2026-08-08 23:00:31,375 INFO sqlalchemy.engine.Engine BEGIN (implicit)
2026-08-08 23:00:31,378 INFO sqlalchemy.engine.Engine SELECT users.id, users.email, users.username, users.full_name, users.hashed_password, users.role, users.avatar_url, users.university, users.course, users.semester, users.education_level, users.occupation, users.domain, users.learning_mode, users.preferences, users.is_active, users.is_verified, users.created_at, users.updated_at 
FROM users 
WHERE users.email = ?
2026-08-08 23:00:31,380 INFO sqlalchemy.engine.Engine [cached since 618.8s ago] ('harshanseliyan28@gmail.com',)
2026-08-08 23:00:31,389 INFO sqlalchemy.engine.Engine SELECT notifications.id, notifications.user_id, notifications.title, notifications.message, notifications.notification_type, notifications.is_read, notifications.action_url, notifications.created_at 
FROM notifications 
WHERE notifications.user_id = ? ORDER BY notifications.created_at DESC
 LIMIT ? OFFSET ?
2026-08-08 23:00:31,392 INFO sqlalchemy.engine.Engine [cached since 618.7s ago] ('4796a7af3dad452e825d3bd45d386cca', 50, 0)
INFO:     127.0.0.1:63062 - "GET /api/notifications HTTP/1.1" 200 OK
2026-08-08 23:00:31,403 INFO sqlalchemy.engine.Engine ROLLBACK
2026-08-08 23:01:31,641 INFO sqlalchemy.engine.Engine BEGIN (implicit)
2026-08-08 23:01:31,642 INFO sqlalchemy.engine.Engine SELECT users.id, users.email, users.username, users.full_name, users.hashed_password, users.role, users.avatar_url, users.university, users.course, users.semester, users.education_level, users.occupation, users.domain, users.learning_mode, users.preferences, users.is_active, users.is_verified, users.created_at, users.updated_at 
FROM users 
WHERE users.email = ?
2026-08-08 23:01:31,643 INFO sqlalchemy.engine.Engine [cached since 679s ago] ('harshanseliyan28@gmail.com',)
2026-08-08 23:01:31,647 INFO sqlalchemy.engine.Engine SELECT notifications.id, notifications.user_id, notifications.title, notifications.message, notifications.notification_type, notifications.is_read, notifications.action_url, notifications.created_at 
FROM notifications 
WHERE notifications.user_id = ? ORDER BY notifications.created_at DESC
 LIMIT ? OFFSET ?
2026-08-08 23:01:31,647 INFO sqlalchemy.engine.Engine [cached since 679s ago] ('4796a7af3dad452e825d3bd45d386cca', 50, 0)
INFO:     127.0.0.1:13241 - "GET /api/notifications HTTP/1.1" 200 OK
2026-08-08 23:01:31,650 INFO sqlalchemy.engine.Engine ROLLBACK
2026-08-08 23:02:33,023 INFO sqlalchemy.engine.Engine BEGIN (implicit)
2026-08-08 23:02:33,025 INFO sqlalchemy.engine.Engine SELECT users.id, users.email, users.username, users.full_name, users.hashed_password, users.role, users.avatar_url, users.university, users.course, users.semester, users.education_level, users.occupation, users.domain, users.learning_mode, users.preferences, users.is_active, users.is_verified, users.created_at, users.updated_at 
FROM users 
WHERE users.email = ?
2026-08-08 23:02:33,025 INFO sqlalchemy.engine.Engine [cached since 740.4s ago] ('harshanseliyan28@gmail.com',)
2026-08-08 23:02:33,027 INFO sqlalchemy.engine.Engine SELECT notifications.id, notifications.user_id, notifications.title, notifications.message, notifications.notification_type, notifications.is_read, notifications.action_url, notifications.created_at 
FROM notifications 
WHERE notifications.user_id = ? ORDER BY notifications.created_at DESC
 LIMIT ? OFFSET ?
2026-08-08 23:02:33,028 INFO sqlalchemy.engine.Engine [cached since 740.4s ago] ('4796a7af3dad452e825d3bd45d386cca', 50, 0)
INFO:     127.0.0.1:35464 - "GET /api/notifications HTTP/1.1" 200 OK
2026-08-08 23:02:33,031 INFO sqlalchemy.engine.Engine ROLLBACK
2026-08-08 23:03:31,309 INFO sqlalchemy.engine.Engine BEGIN (implicit)
2026-08-08 23:03:31,310 INFO sqlalchemy.engine.Engine SELECT users.id, users.email, users.username, users.full_name, users.hashed_password, users.role, users.avatar_url, users.university, users.course, users.semester, users.education_level, users.occupation, users.domain, users.learning_mode, users.preferences, users.is_active, users.is_verified, users.created_at, users.updated_at 
FROM users 
WHERE users.email = ?
2026-08-08 23:03:31,311 INFO sqlalchemy.engine.Engine [cached since 798.7s ago] ('harshanseliyan28@gmail.com',)
2026-08-08 23:03:31,315 INFO sqlalchemy.engine.Engine SELECT notifications.id, notifications.user_id, notifications.title, notifications.message, notifications.notification_type, notifications.is_read, notifications.action_url, notifications.created_at 
FROM notifications 
WHERE notifications.user_id = ? ORDER BY notifications.created_at DESC
 LIMIT ? OFFSET ?
2026-08-08 23:03:31,316 INFO sqlalchemy.engine.Engine [cached since 798.6s ago] ('4796a7af3dad452e825d3bd45d386cca', 50, 0)
INFO:     127.0.0.1:10753 - "GET /api/notifications HTTP/1.1" 200 OK
2026-08-08 23:03:31,319 INFO sqlalchemy.engine.Engine ROLLBACK
2026-08-08 23:04:33,843 INFO sqlalchemy.engine.Engine BEGIN (implicit)
2026-08-08 23:04:33,844 INFO sqlalchemy.engine.Engine SELECT users.id, users.email, users.username, users.full_name, users.hashed_password, users.role, users.avatar_url, users.university, users.course, users.semester, users.education_level, users.occupation, users.domain, users.learning_mode, users.preferences, users.is_active, users.is_verified, users.created_at, users.updated_at 
FROM users 
WHERE users.email = ?
2026-08-08 23:04:33,845 INFO sqlalchemy.engine.Engine [cached since 861.2s ago] ('harshanseliyan28@gmail.com',)
2026-08-08 23:04:33,849 INFO sqlalchemy.engine.Engine SELECT notifications.id, notifications.user_id, notifications.title, notifications.message, notifications.notification_type, notifications.is_read, notifications.action_url, notifications.created_at 
FROM notifications 
WHERE notifications.user_id = ? ORDER BY notifications.created_at DESC
 LIMIT ? OFFSET ?
2026-08-08 23:04:33,850 INFO sqlalchemy.engine.Engine [cached since 861.2s ago] ('4796a7af3dad452e825d3bd45d386cca', 50, 0)
INFO:     127.0.0.1:35266 - "GET /api/notifications HTTP/1.1" 200 OK
2026-08-08 23:04:33,856 INFO sqlalchemy.engine.Engine ROLLBACK
2026-08-08 23:05:31,320 INFO sqlalchemy.engine.Engine BEGIN (implicit)
2026-08-08 23:05:31,321 INFO sqlalchemy.engine.Engine SELECT users.id, users.email, users.username, users.full_name, users.hashed_password, users.role, users.avatar_url, users.university, users.course, users.semester, users.education_level, users.occupation, users.domain, users.learning_mode, users.preferences, users.is_active, users.is_verified, users.created_at, users.updated_at 
FROM users 
WHERE users.email = ?
2026-08-08 23:05:31,321 INFO sqlalchemy.engine.Engine [cached since 918.7s ago] ('harshanseliyan28@gmail.com',)
2026-08-08 23:05:31,325 INFO sqlalchemy.engine.Engine SELECT notifications.id, notifications.user_id, notifications.title, notifications.message, notifications.notification_type, notifications.is_read, notifications.action_url, notifications.created_at 
FROM notifications 
WHERE notifications.user_id = ? ORDER BY notifications.created_at DESC
 LIMIT ? OFFSET ?
2026-08-08 23:05:31,326 INFO sqlalchemy.engine.Engine [cached since 918.7s ago] ('4796a7af3dad452e825d3bd45d386cca', 50, 0)
INFO:     127.0.0.1:46943 - "GET /api/notifications HTTP/1.1" 200 OK
2026-08-08 23:05:31,330 INFO sqlalchemy.engine.Engine ROLLBACK
2026-08-08 23:06:31,638 INFO sqlalchemy.engine.Engine BEGIN (implicit)
2026-08-08 23:06:31,639 INFO sqlalchemy.engine.Engine SELECT users.id, users.email, users.username, users.full_name, users.hashed_password, users.role, users.avatar_url, users.university, users.course, users.semester, users.education_level, users.occupation, users.domain, users.learning_mode, users.preferences, users.is_active, users.is_verified, users.created_at, users.updated_at 
FROM users 
WHERE users.email = ?
2026-08-08 23:06:31,640 INFO sqlalchemy.engine.Engine [cached since 979s ago] ('harshanseliyan28@gmail.com',)
2026-08-08 23:06:31,646 INFO sqlalchemy.engine.Engine SELECT notifications.id, notifications.user_id, notifications.title, notifications.message, notifications.notification_type, notifications.is_read, notifications.action_url, notifications.created_at 
FROM notifications 
WHERE notifications.user_id = ? ORDER BY notifications.created_at DESC
 LIMIT ? OFFSET ?
2026-08-08 23:06:31,647 INFO sqlalchemy.engine.Engine [cached since 979s ago] ('4796a7af3dad452e825d3bd45d386cca', 50, 0)
INFO:     127.0.0.1:5209 - "GET /api/notifications HTTP/1.1" 200 OK
2026-08-08 23:06:31,652 INFO sqlalchemy.engine.Engine ROLLBACK
2026-08-08 23:07:31,345 INFO sqlalchemy.engine.Engine BEGIN (implicit)
2026-08-08 23:07:31,346 INFO sqlalchemy.engine.Engine SELECT users.id, users.email, users.username, users.full_name, users.hashed_password, users.role, users.avatar_url, users.university, users.course, users.semester, users.education_level, users.occupation, users.domain, users.learning_mode, users.preferences, users.is_active, users.is_verified, users.created_at, users.updated_at 
FROM users 
WHERE users.email = ?
2026-08-08 23:07:31,347 INFO sqlalchemy.engine.Engine [cached since 1039s ago] ('harshanseliyan28@gmail.com',)
2026-08-08 23:07:31,353 INFO sqlalchemy.engine.Engine SELECT notifications.id, notifications.user_id, notifications.title, notifications.message, notifications.notification_type, notifications.is_read, notifications.action_url, notifications.created_at 
FROM notifications 
WHERE notifications.user_id = ? ORDER BY notifications.created_at DESC
 LIMIT ? OFFSET ?
2026-08-08 23:07:31,354 INFO sqlalchemy.engine.Engine [cached since 1039s ago] ('4796a7af3dad452e825d3bd45d386cca', 50, 0)
INFO:     127.0.0.1:1416 - "GET /api/notifications HTTP/1.1" 200 OK
2026-08-08 23:07:31,360 INFO sqlalchemy.engine.Engine ROLLBACK
INFO:     127.0.0.1:11057 - "OPTIONS /api/notifications HTTP/1.1" 200 OK
2026-08-08 23:08:31,631 INFO sqlalchemy.engine.Engine BEGIN (implicit)
2026-08-08 23:08:31,632 INFO sqlalchemy.engine.Engine SELECT users.id, users.email, users.username, users.full_name, users.hashed_password, users.role, users.avatar_url, users.university, users.course, users.semester, users.education_level, users.occupation, users.domain, users.learning_mode, users.preferences, users.is_active, users.is_verified, users.created_at, users.updated_at 
FROM users 
WHERE users.email = ?
2026-08-08 23:08:31,632 INFO sqlalchemy.engine.Engine [cached since 1099s ago] ('harshanseliyan28@gmail.com',)
2026-08-08 23:08:31,635 INFO sqlalchemy.engine.Engine SELECT notifications.id, notifications.user_id, notifications.title, notifications.message, notifications.notification_type, notifications.is_read, notifications.action_url, notifications.created_at 
FROM notifications 
WHERE notifications.user_id = ? ORDER BY notifications.created_at DESC
 LIMIT ? OFFSET ?
2026-08-08 23:08:31,636 INFO sqlalchemy.engine.Engine [cached since 1099s ago] ('4796a7af3dad452e825d3bd45d386cca', 50, 0)
INFO:     127.0.0.1:11057 - "GET /api/notifications HTTP/1.1" 200 OK
2026-08-08 23:08:31,640 INFO sqlalchemy.engine.Engine ROLLBACK
2026-08-08 23:09:31,319 INFO sqlalchemy.engine.Engine BEGIN (implicit)
2026-08-08 23:09:31,321 INFO sqlalchemy.engine.Engine SELECT users.id, users.email, users.username, users.full_name, users.hashed_password, users.role, users.avatar_url, users.university, users.course, users.semester, users.education_level, users.occupation, users.domain, users.learning_mode, users.preferences, users.is_active, users.is_verified, users.created_at, users.updated_at 
FROM users 
WHERE users.email = ?
2026-08-08 23:09:31,322 INFO sqlalchemy.engine.Engine [cached since 1159s ago] ('harshanseliyan28@gmail.com',)
2026-08-08 23:09:31,325 INFO sqlalchemy.engine.Engine SELECT notifications.id, notifications.user_id, notifications.title, notifications.message, notifications.notification_type, notifications.is_read, notifications.action_url, notifications.created_at 
FROM notifications 
WHERE notifications.user_id = ? ORDER BY notifications.created_at DESC
 LIMIT ? OFFSET ?
2026-08-08 23:09:31,326 INFO sqlalchemy.engine.Engine [cached since 1159s ago] ('4796a7af3dad452e825d3bd45d386cca', 50, 0)
INFO:     127.0.0.1:58098 - "GET /api/notifications HTTP/1.1" 200 OK
2026-08-08 23:09:31,331 INFO sqlalchemy.engine.Engine ROLLBACK
2026-08-08 23:10:33,067 INFO sqlalchemy.engine.Engine BEGIN (implicit)
2026-08-08 23:10:33,068 INFO sqlalchemy.engine.Engine SELECT users.id, users.email, users.username, users.full_name, users.hashed_password, users.role, users.avatar_url, users.university, users.course, users.semester, users.education_level, users.occupation, users.domain, users.learning_mode, users.preferences, users.is_active, users.is_verified, users.created_at, users.updated_at 
FROM users 
WHERE users.email = ?
2026-08-08 23:10:33,069 INFO sqlalchemy.engine.Engine [cached since 1220s ago] ('harshanseliyan28@gmail.com',)
2026-08-08 23:10:33,072 INFO sqlalchemy.engine.Engine SELECT notifications.id, notifications.user_id, notifications.title, notifications.message, notifications.notification_type, notifications.is_read, notifications.action_url, notifications.created_at 
FROM notifications 
WHERE notifications.user_id = ? ORDER BY notifications.created_at DESC
 LIMIT ? OFFSET ?
2026-08-08 23:10:33,073 INFO sqlalchemy.engine.Engine [cached since 1220s ago] ('4796a7af3dad452e825d3bd45d386cca', 50, 0)
INFO:     127.0.0.1:2069 - "GET /api/notifications HTTP/1.1" 200 OK
2026-08-08 23:10:33,076 INFO sqlalchemy.engine.Engine ROLLBACK
2026-08-08 23:11:31,314 INFO sqlalchemy.engine.Engine BEGIN (implicit)
2026-08-08 23:11:31,315 INFO sqlalchemy.engine.Engine SELECT users.id, users.email, users.username, users.full_name, users.hashed_password, users.role, users.avatar_url, users.university, users.course, users.semester, users.education_level, users.occupation, users.domain, users.learning_mode, users.preferences, users.is_active, users.is_verified, users.created_at, users.updated_at 
FROM users 
WHERE users.email = ?
2026-08-08 23:11:31,316 INFO sqlalchemy.engine.Engine [cached since 1279s ago] ('harshanseliyan28@gmail.com',)
2026-08-08 23:11:31,321 INFO sqlalchemy.engine.Engine SELECT notifications.id, notifications.user_id, notifications.title, notifications.message, notifications.notification_type, notifications.is_read, notifications.action_url, notifications.created_at 
FROM notifications 
WHERE notifications.user_id = ? ORDER BY notifications.created_at DESC
 LIMIT ? OFFSET ?
2026-08-08 23:11:31,322 INFO sqlalchemy.engine.Engine [cached since 1279s ago] ('4796a7af3dad452e825d3bd45d386cca', 50, 0)
INFO:     127.0.0.1:47225 - "GET /api/notifications HTTP/1.1" 200 OK
2026-08-08 23:11:31,326 INFO sqlalchemy.engine.Engine ROLLBACK
2026-08-08 23:12:32,870 INFO sqlalchemy.engine.Engine BEGIN (implicit)
2026-08-08 23:12:32,872 INFO sqlalchemy.engine.Engine SELECT users.id, users.email, users.username, users.full_name, users.hashed_password, users.role, users.avatar_url, users.university, users.course, users.semester, users.education_level, users.occupation, users.domain, users.learning_mode, users.preferences, users.is_active, users.is_verified, users.created_at, users.updated_at 
FROM users 
WHERE users.email = ?
2026-08-08 23:12:32,873 INFO sqlalchemy.engine.Engine [cached since 1340s ago] ('harshanseliyan28@gmail.com',)
2026-08-08 23:12:32,877 INFO sqlalchemy.engine.Engine SELECT notifications.id, notifications.user_id, notifications.title, notifications.message, notifications.notification_type, notifications.is_read, notifications.action_url, notifications.created_at 
FROM notifications 
WHERE notifications.user_id = ? ORDER BY notifications.created_at DESC
 LIMIT ? OFFSET ?
2026-08-08 23:12:32,878 INFO sqlalchemy.engine.Engine [cached since 1340s ago] ('4796a7af3dad452e825d3bd45d386cca', 50, 0)
INFO:     127.0.0.1:36035 - "GET /api/notifications HTTP/1.1" 200 OK
2026-08-08 23:12:32,887 INFO sqlalchemy.engine.Engine ROLLBACK
2026-08-08 23:13:34,335 INFO sqlalchemy.engine.Engine BEGIN (implicit)
2026-08-08 23:13:34,343 INFO sqlalchemy.engine.Engine SELECT users.id, users.email, users.username, users.full_name, users.hashed_password, users.role, users.avatar_url, users.university, users.course, users.semester, users.education_level, users.occupation, users.domain, users.learning_mode, users.preferences, users.is_active, users.is_verified, users.created_at, users.updated_at 
FROM users 
WHERE users.email = ?
2026-08-08 23:13:34,344 INFO sqlalchemy.engine.Engine [cached since 1402s ago] ('harshanseliyan28@gmail.com',)
2026-08-08 23:13:34,348 INFO sqlalchemy.engine.Engine SELECT notifications.id, notifications.user_id, notifications.title, notifications.message, notifications.notification_type, notifications.is_read, notifications.action_url, notifications.created_at 
FROM notifications 
WHERE notifications.user_id = ? ORDER BY notifications.created_at DESC
 LIMIT ? OFFSET ?
2026-08-08 23:13:34,349 INFO sqlalchemy.engine.Engine [cached since 1402s ago] ('4796a7af3dad452e825d3bd45d386cca', 50, 0)
INFO:     127.0.0.1:53184 - "GET /api/notifications HTTP/1.1" 200 OK
2026-08-08 23:13:34,353 INFO sqlalchemy.engine.Engine ROLLBACK
2026-08-08 23:14:31,315 INFO sqlalchemy.engine.Engine BEGIN (implicit)
2026-08-08 23:14:31,316 INFO sqlalchemy.engine.Engine SELECT users.id, users.email, users.username, users.full_name, users.hashed_password, users.role, users.avatar_url, users.university, users.course, users.semester, users.education_level, users.occupation, users.domain, users.learning_mode, users.preferences, users.is_active, users.is_verified, users.created_at, users.updated_at 
FROM users 
WHERE users.email = ?
2026-08-08 23:14:31,317 INFO sqlalchemy.engine.Engine [cached since 1459s ago] ('harshanseliyan28@gmail.com',)
2026-08-08 23:14:31,321 INFO sqlalchemy.engine.Engine SELECT notifications.id, notifications.user_id, notifications.title, notifications.message, notifications.notification_type, notifications.is_read, notifications.action_url, notifications.created_at 
FROM notifications 
WHERE notifications.user_id = ? ORDER BY notifications.created_at DESC
 LIMIT ? OFFSET ?
2026-08-08 23:14:31,322 INFO sqlalchemy.engine.Engine [cached since 1459s ago] ('4796a7af3dad452e825d3bd45d386cca', 50, 0)
INFO:     127.0.0.1:34501 - "GET /api/notifications HTTP/1.1" 200 OK
2026-08-08 23:14:31,325 INFO sqlalchemy.engine.Engine ROLLBACK
2026-08-08 23:15:31,636 INFO sqlalchemy.engine.Engine BEGIN (implicit)
2026-08-08 23:15:31,637 INFO sqlalchemy.engine.Engine SELECT users.id, users.email, users.username, users.full_name, users.hashed_password, users.role, users.avatar_url, users.university, users.course, users.semester, users.education_level, users.occupation, users.domain, users.learning_mode, users.preferences, users.is_active, users.is_verified, users.created_at, users.updated_at 
FROM users 
WHERE users.email = ?
2026-08-08 23:15:31,638 INFO sqlalchemy.engine.Engine [cached since 1519s ago] ('harshanseliyan28@gmail.com',)
2026-08-08 23:15:31,641 INFO sqlalchemy.engine.Engine SELECT notifications.id, notifications.user_id, notifications.title, notifications.message, notifications.notification_type, notifications.is_read, notifications.action_url, notifications.created_at 
FROM notifications 
WHERE notifications.user_id = ? ORDER BY notifications.created_at DESC
 LIMIT ? OFFSET ?
2026-08-08 23:15:31,642 INFO sqlalchemy.engine.Engine [cached since 1519s ago] ('4796a7af3dad452e825d3bd45d386cca', 50, 0)
INFO:     127.0.0.1:40993 - "GET /api/notifications HTTP/1.1" 200 OK
2026-08-08 23:15:31,646 INFO sqlalchemy.engine.Engine ROLLBACK
2026-08-08 23:16:33,244 INFO sqlalchemy.engine.Engine BEGIN (implicit)
2026-08-08 23:16:33,245 INFO sqlalchemy.engine.Engine SELECT users.id, users.email, users.username, users.full_name, users.hashed_password, users.role, users.avatar_url, users.university, users.course, users.semester, users.education_level, users.occupation, users.domain, users.learning_mode, users.preferences, users.is_active, users.is_verified, users.created_at, users.updated_at 
FROM users 
WHERE users.email = ?
2026-08-08 23:16:33,246 INFO sqlalchemy.engine.Engine [cached since 1581s ago] ('harshanseliyan28@gmail.com',)
2026-08-08 23:16:33,252 INFO sqlalchemy.engine.Engine SELECT notifications.id, notifications.user_id, notifications.title, notifications.message, notifications.notification_type, notifications.is_read, notifications.action_url, notifications.created_at 
FROM notifications 
WHERE notifications.user_id = ? ORDER BY notifications.created_at DESC
 LIMIT ? OFFSET ?
2026-08-08 23:16:33,252 INFO sqlalchemy.engine.Engine [cached since 1581s ago] ('4796a7af3dad452e825d3bd45d386cca', 50, 0)
INFO:     127.0.0.1:18500 - "GET /api/notifications HTTP/1.1" 200 OK
2026-08-08 23:16:33,258 INFO sqlalchemy.engine.Engine ROLLBACK
2026-08-08 23:17:31,610 INFO sqlalchemy.engine.Engine BEGIN (implicit)
2026-08-08 23:17:31,611 INFO sqlalchemy.engine.Engine SELECT users.id, users.email, users.username, users.full_name, users.hashed_password, users.role, users.avatar_url, users.university, users.course, users.semester, users.education_level, users.occupation, users.domain, users.learning_mode, users.preferences, users.is_active, users.is_verified, users.created_at, users.updated_at 
FROM users 
WHERE users.email = ?
2026-08-08 23:17:31,611 INFO sqlalchemy.engine.Engine [cached since 1639s ago] ('harshanseliyan28@gmail.com',)
2026-08-08 23:17:31,614 INFO sqlalchemy.engine.Engine SELECT notifications.id, notifications.user_id, notifications.title, notifications.message, notifications.notification_type, notifications.is_read, notifications.action_url, notifications.created_at 
FROM notifications 
WHERE notifications.user_id = ? ORDER BY notifications.created_at DESC
 LIMIT ? OFFSET ?
2026-08-08 23:17:31,615 INFO sqlalchemy.engine.Engine [cached since 1639s ago] ('4796a7af3dad452e825d3bd45d386cca', 50, 0)
INFO:     127.0.0.1:14496 - "GET /api/notifications HTTP/1.1" 200 OK
2026-08-08 23:17:31,618 INFO sqlalchemy.engine.Engine ROLLBACK
INFO:     127.0.0.1:38245 - "OPTIONS /api/notifications HTTP/1.1" 200 OK
2026-08-08 23:18:33,188 INFO sqlalchemy.engine.Engine BEGIN (implicit)
2026-08-08 23:18:33,189 INFO sqlalchemy.engine.Engine SELECT users.id, users.email, users.username, users.full_name, users.hashed_password, users.role, users.avatar_url, users.university, users.course, users.semester, users.education_level, users.occupation, users.domain, users.learning_mode, users.preferences, users.is_active, users.is_verified, users.created_at, users.updated_at 
FROM users 
WHERE users.email = ?
2026-08-08 23:18:33,190 INFO sqlalchemy.engine.Engine [cached since 1701s ago] ('harshanseliyan28@gmail.com',)
2026-08-08 23:18:33,194 INFO sqlalchemy.engine.Engine SELECT notifications.id, notifications.user_id, notifications.title, notifications.message, notifications.notification_type, notifications.is_read, notifications.action_url, notifications.created_at 
FROM notifications 
WHERE notifications.user_id = ? ORDER BY notifications.created_at DESC
 LIMIT ? OFFSET ?
2026-08-08 23:18:33,194 INFO sqlalchemy.engine.Engine [cached since 1701s ago] ('4796a7af3dad452e825d3bd45d386cca', 50, 0)
INFO:     127.0.0.1:38245 - "GET /api/notifications HTTP/1.1" 200 OK
2026-08-08 23:18:33,199 INFO sqlalchemy.engine.Engine ROLLBACK
2026-08-08 23:19:31,381 INFO sqlalchemy.engine.Engine BEGIN (implicit)
2026-08-08 23:19:31,382 INFO sqlalchemy.engine.Engine SELECT users.id, users.email, users.username, users.full_name, users.hashed_password, users.role, users.avatar_url, users.university, users.course, users.semester, users.education_level, users.occupation, users.domain, users.learning_mode, users.preferences, users.is_active, users.is_verified, users.created_at, users.updated_at 
FROM users 
WHERE users.email = ?
2026-08-08 23:19:31,383 INFO sqlalchemy.engine.Engine [cached since 1759s ago] ('harshanseliyan28@gmail.com',)
2026-08-08 23:19:31,386 INFO sqlalchemy.engine.Engine SELECT notifications.id, notifications.user_id, notifications.title, notifications.message, notifications.notification_type, notifications.is_read, notifications.action_url, notifications.created_at 
FROM notifications 
WHERE notifications.user_id = ? ORDER BY notifications.created_at DESC
 LIMIT ? OFFSET ?
2026-08-08 23:19:31,387 INFO sqlalchemy.engine.Engine [cached since 1759s ago] ('4796a7af3dad452e825d3bd45d386cca', 50, 0)
INFO:     127.0.0.1:60986 - "GET /api/notifications HTTP/1.1" 200 OK
2026-08-08 23:19:31,391 INFO sqlalchemy.engine.Engine ROLLBACK
2026-08-08 23:19:55,039 INFO sqlalchemy.engine.Engine BEGIN (implicit)
2026-08-08 23:19:55,041 INFO sqlalchemy.engine.Engine SELECT users.id, users.email, users.username, users.full_name, users.hashed_password, users.role, users.avatar_url, users.university, users.course, users.semester, users.education_level, users.occupation, users.domain, users.learning_mode, users.preferences, users.is_active, users.is_verified, users.created_at, users.updated_at 
FROM users 
WHERE users.email = ?
2026-08-08 23:19:55,042 INFO sqlalchemy.engine.Engine [cached since 1782s ago] ('harshanseliyan28@gmail.com',)
2026-08-08 23:19:55,046 INFO sqlalchemy.engine.Engine SELECT notifications.id, notifications.user_id, notifications.title, notifications.message, notifications.notification_type, notifications.is_read, notifications.action_url, notifications.created_at 
FROM notifications 
WHERE notifications.user_id = ? ORDER BY notifications.created_at DESC
 LIMIT ? OFFSET ?
2026-08-08 23:19:55,047 INFO sqlalchemy.engine.Engine [cached since 1782s ago] ('4796a7af3dad452e825d3bd45d386cca', 50, 0)
INFO:     127.0.0.1:45758 - "GET /api/notifications HTTP/1.1" 200 OK
2026-08-08 23:19:55,052 INFO sqlalchemy.engine.Engine ROLLBACK
2026-08-08 23:19:55,062 INFO sqlalchemy.engine.Engine BEGIN (implicit)
2026-08-08 23:19:55,064 INFO sqlalchemy.engine.Engine SELECT users.id, users.email, users.username, users.full_name, users.hashed_password, users.role, users.avatar_url, users.university, users.course, users.semester, users.education_level, users.occupation, users.domain, users.learning_mode, users.preferences, users.is_active, users.is_verified, users.created_at, users.updated_at 
FROM users 
WHERE users.email = ?
2026-08-08 23:19:55,064 INFO sqlalchemy.engine.Engine [cached since 1782s ago] ('harshanseliyan28@gmail.com',)
2026-08-08 23:19:55,069 INFO sqlalchemy.engine.Engine SELECT notifications.id, notifications.user_id, notifications.title, notifications.message, notifications.notification_type, notifications.is_read, notifications.action_url, notifications.created_at 
FROM notifications 
WHERE notifications.user_id = ? ORDER BY notifications.created_at DESC
 LIMIT ? OFFSET ?
2026-08-08 23:19:55,070 INFO sqlalchemy.engine.Engine [cached since 1782s ago] ('4796a7af3dad452e825d3bd45d386cca', 50, 0)
INFO:     127.0.0.1:45758 - "GET /api/notifications HTTP/1.1" 200 OK
2026-08-08 23:19:55,077 INFO sqlalchemy.engine.Engine ROLLBACK
INFO:     127.0.0.1:63695 - "OPTIONS /api/subjects/ HTTP/1.1" 200 OK
INFO:     127.0.0.1:54964 - "OPTIONS /api/tutor/sessions HTTP/1.1" 200 OK
INFO:     127.0.0.1:63695 - "GET /api/tutor/sessions HTTP/1.1" 404 Not Found
2026-08-08 23:20:03,716 INFO sqlalchemy.engine.Engine BEGIN (implicit)
2026-08-08 23:20:03,717 INFO sqlalchemy.engine.Engine SELECT users.id, users.email, users.username, users.full_name, users.hashed_password, users.role, users.avatar_url, users.university, users.course, users.semester, users.education_level, users.occupation, users.domain, users.learning_mode, users.preferences, users.is_active, users.is_verified, users.created_at, users.updated_at 
FROM users 
WHERE users.email = ?
2026-08-08 23:20:03,719 INFO sqlalchemy.engine.Engine [cached since 1791s ago] ('harshanseliyan28@gmail.com',)
2026-08-08 23:20:03,742 INFO sqlalchemy.engine.Engine SELECT subjects.id, subjects.user_id, subjects.name, subjects.description, subjects.university, subjects.semester, subjects.subject_code, subjects.icon, subjects.color, subjects.syllabus, subjects.extra_metadata, subjects.created_at, subjects.updated_at 
FROM subjects 
WHERE subjects.user_id = ? ORDER BY subjects.created_at DESC
2026-08-08 23:20:03,745 INFO sqlalchemy.engine.Engine [cached since 1791s ago] ('4796a7af3dad452e825d3bd45d386cca',)
INFO:     127.0.0.1:63695 - "OPTIONS /api/tutor/history?session_id=41o8vun HTTP/1.1" 200 OK
INFO:     127.0.0.1:63695 - "OPTIONS /api/tutor/history?session_id=41o8vun HTTP/1.1" 200 OK
INFO:     127.0.0.1:54964 - "GET /api/subjects/ HTTP/1.1" 200 OK
2026-08-08 23:20:03,771 INFO sqlalchemy.engine.Engine ROLLBACK
INFO:     127.0.0.1:54964 - "GET /api/tutor/sessions HTTP/1.1" 404 Not Found
INFO:     127.0.0.1:54964 - "GET /api/tutor/history?session_id=41o8vun HTTP/1.1" 404 Not Found
2026-08-08 23:20:03,799 INFO sqlalchemy.engine.Engine BEGIN (implicit)
2026-08-08 23:20:03,801 INFO sqlalchemy.engine.Engine SELECT users.id, users.email, users.username, users.full_name, users.hashed_password, users.role, users.avatar_url, users.university, users.course, users.semester, users.education_level, users.occupation, users.domain, users.learning_mode, users.preferences, users.is_active, users.is_verified, users.created_at, users.updated_at 
FROM users 
WHERE users.email = ?
2026-08-08 23:20:03,805 INFO sqlalchemy.engine.Engine [cached since 1791s ago] ('harshanseliyan28@gmail.com',)
2026-08-08 23:20:03,814 INFO sqlalchemy.engine.Engine SELECT subjects.id, subjects.user_id, subjects.name, subjects.description, subjects.university, subjects.semester, subjects.subject_code, subjects.icon, subjects.color, subjects.syllabus, subjects.extra_metadata, subjects.created_at, subjects.updated_at 
FROM subjects 
WHERE subjects.user_id = ? ORDER BY subjects.created_at DESC
2026-08-08 23:20:03,819 INFO sqlalchemy.engine.Engine [cached since 1791s ago] ('4796a7af3dad452e825d3bd45d386cca',)
INFO:     127.0.0.1:54964 - "GET /api/subjects/ HTTP/1.1" 200 OK
2026-08-08 23:20:03,829 INFO sqlalchemy.engine.Engine ROLLBACK
INFO:     127.0.0.1:54964 - "GET /api/tutor/history?session_id=41o8vun HTTP/1.1" 404 Not Found
INFO:     127.0.0.1:54964 - "OPTIONS /api/tutor/chat HTTP/1.1" 200 OK
2026-08-08 23:20:08,531 INFO sqlalchemy.engine.Engine BEGIN (implicit)
2026-08-08 23:20:08,534 INFO sqlalchemy.engine.Engine SELECT users.id, users.email, users.username, users.full_name, users.hashed_password, users.role, users.avatar_url, users.university, users.course, users.semester, users.education_level, users.occupation, users.domain, users.learning_mode, users.preferences, users.is_active, users.is_verified, users.created_at, users.updated_at 
FROM users 
WHERE users.email = ?
2026-08-08 23:20:08,535 INFO sqlalchemy.engine.Engine [cached since 1796s ago] ('harshanseliyan28@gmail.com',)
2026-08-08 23:20:08,550 INFO sqlalchemy.engine.Engine SELECT subjects.id, subjects.user_id, subjects.name, subjects.description, subjects.university, subjects.semester, subjects.subject_code, subjects.icon, subjects.color, subjects.syllabus, subjects.extra_metadata, subjects.created_at, subjects.updated_at 
FROM subjects 
WHERE subjects.user_id = ? ORDER BY subjects.name
2026-08-08 23:20:08,551 INFO sqlalchemy.engine.Engine [cached since 1670s ago] ('4796a7af3dad452e825d3bd45d386cca',)
2026-08-08 23:20:08,569 INFO sqlalchemy.engine.Engine SELECT files.id, files.user_id, files.subject_id, files.project_id, files.original_filename, files.stored_filename, files.file_type, files.file_size, files.mime_type, files.minio_path, files.status, files.pages, files.chunks, files.extracted_text, files.extra_metadata, files.error_message, files.created_at, files.updated_at 
FROM files 
WHERE files.user_id = ? AND files.status = ? ORDER BY files.created_at DESC
 LIMIT ? OFFSET ?
2026-08-08 23:20:08,570 INFO sqlalchemy.engine.Engine [cached since 1670s ago] ('4796a7af3dad452e825d3bd45d386cca', 'completed', 10, 0)
2026-08-08 23:20:08,587 INFO sqlalchemy.engine.Engine SELECT chat_history.id, chat_history.user_id, chat_history.session_id, chat_history.role, chat_history.content, chat_history.extra_metadata, chat_history.created_at 
FROM chat_history 
WHERE chat_history.session_id = ? AND chat_history.user_id = ? ORDER BY chat_history.created_at DESC
 LIMIT ? OFFSET ?
2026-08-08 23:20:08,588 INFO sqlalchemy.engine.Engine [cached since 1670s ago] ('41o8vun', '4796a7af3dad452e825d3bd45d386cca', 10, 0)
2026-08-08 23:20:08,734 INFO sqlalchemy.engine.Engine BEGIN (implicit)
2026-08-08 23:20:08,736 INFO sqlalchemy.engine.Engine SELECT users.id, users.email, users.username, users.full_name, users.hashed_password, users.role, users.avatar_url, users.university, users.course, users.semester, users.education_level, users.occupation, users.domain, users.learning_mode, users.preferences, users.is_active, users.is_verified, users.created_at, users.updated_at 
FROM users 
WHERE users.email = ?
2026-08-08 23:20:08,736 INFO sqlalchemy.engine.Engine [cached since 1796s ago] ('harshanseliyan28@gmail.com',)
2026-08-08 23:20:08,741 INFO sqlalchemy.engine.Engine SELECT notifications.id, notifications.user_id, notifications.title, notifications.message, notifications.notification_type, notifications.is_read, notifications.action_url, notifications.created_at 
FROM notifications 
WHERE notifications.user_id = ? ORDER BY notifications.created_at DESC
 LIMIT ? OFFSET ?
2026-08-08 23:20:08,741 INFO sqlalchemy.engine.Engine [cached since 1796s ago] ('4796a7af3dad452e825d3bd45d386cca', 50, 0)
INFO:     127.0.0.1:33669 - "GET /api/notifications HTTP/1.1" 200 OK
2026-08-08 23:20:08,746 INFO sqlalchemy.engine.Engine ROLLBACK
2026-08-08 23:20:13,047 INFO sqlalchemy.engine.Engine INSERT INTO chat_history (id, user_id, session_id, role, content, extra_metadata, created_at) VALUES (?, ?, ?, ?, ?, ?, ?), (?, ?, ?, ?, ?, ?, ?)
2026-08-08 23:20:13,048 INFO sqlalchemy.engine.Engine [cached since 1657s ago (insertmanyvalues) 1/1 (unordered)] ('ca90a91080f44a2a83a048dedcdb6f20', '4796a7af3dad452e825d3bd45d386cca', '41o8vun', 'user', 'hi', '{}', '2026-08-08 17:50:13.040705', 'fb22982022a448fcbb43f23389fe2a22', '4796a7af3dad452e825d3bd45d386cca', '41o8vun', 'assistant', 'Hello Harshan, it\'s great to see you again. I\'d like to continue our conversation about AI models. Let me simplify the concept with an analogy. Thi ... (583 characters truncated) ... ck your understanding, Harshan: How do you think the "ingredients" in an AI model, such as data and algorithms, affect the overall "dish" or outcome?', '{}', '2026-08-08 17:50:13.040716')
2026-08-08 23:20:13,054 INFO sqlalchemy.engine.Engine COMMIT
INFO:     127.0.0.1:54964 - "POST /api/tutor/chat HTTP/1.1" 200 OK
INFO:     127.0.0.1:54964 - "GET /api/tutor/sessions HTTP/1.1" 404 Not Found
2026-08-08 23:20:22,872 INFO sqlalchemy.engine.Engine BEGIN (implicit)
2026-08-08 23:20:22,875 INFO sqlalchemy.engine.Engine SELECT users.id, users.email, users.username, users.full_name, users.hashed_password, users.role, users.avatar_url, users.university, users.course, users.semester, users.education_level, users.occupation, users.domain, users.learning_mode, users.preferences, users.is_active, users.is_verified, users.created_at, users.updated_at 
FROM users 
WHERE users.email = ?
2026-08-08 23:20:22,876 INFO sqlalchemy.engine.Engine [cached since 1810s ago] ('harshanseliyan28@gmail.com',)
2026-08-08 23:20:22,882 INFO sqlalchemy.engine.Engine SELECT notifications.id, notifications.user_id, notifications.title, notifications.message, notifications.notification_type, notifications.is_read, notifications.action_url, notifications.created_at 
FROM notifications 
WHERE notifications.user_id = ? ORDER BY notifications.created_at DESC
 LIMIT ? OFFSET ?
2026-08-08 23:20:22,883 INFO sqlalchemy.engine.Engine [cached since 1810s ago] ('4796a7af3dad452e825d3bd45d386cca', 50, 0)
INFO:     127.0.0.1:32667 - "GET /api/notifications HTTP/1.1" 200 OK
2026-08-08 23:20:22,892 INFO sqlalchemy.engine.Engine ROLLBACK
2026-08-08 23:20:24,111 INFO sqlalchemy.engine.Engine BEGIN (implicit)
2026-08-08 23:20:24,113 INFO sqlalchemy.engine.Engine SELECT users.id, users.email, users.username, users.full_name, users.hashed_password, users.role, users.avatar_url, users.university, users.course, users.semester, users.education_level, users.occupation, users.domain, users.learning_mode, users.preferences, users.is_active, users.is_verified, users.created_at, users.updated_at 
FROM users 
WHERE users.email = ?
2026-08-08 23:20:24,113 INFO sqlalchemy.engine.Engine [cached since 1811s ago] ('harshanseliyan28@gmail.com',)
2026-08-08 23:20:24,117 INFO sqlalchemy.engine.Engine SELECT notifications.id, notifications.user_id, notifications.title, notifications.message, notifications.notification_type, notifications.is_read, notifications.action_url, notifications.created_at 
FROM notifications 
WHERE notifications.user_id = ? ORDER BY notifications.created_at DESC
 LIMIT ? OFFSET ?
2026-08-08 23:20:24,118 INFO sqlalchemy.engine.Engine [cached since 1811s ago] ('4796a7af3dad452e825d3bd45d386cca', 50, 0)
INFO:     127.0.0.1:32667 - "GET /api/notifications HTTP/1.1" 200 OK
2026-08-08 23:20:24,123 INFO sqlalchemy.engine.Engine ROLLBACK
2026-08-08 23:20:39,309 INFO sqlalchemy.engine.Engine BEGIN (implicit)
2026-08-08 23:20:39,311 INFO sqlalchemy.engine.Engine SELECT users.id, users.email, users.username, users.full_name, users.hashed_password, users.role, users.avatar_url, users.university, users.course, users.semester, users.education_level, users.occupation, users.domain, users.learning_mode, users.preferences, users.is_active, users.is_verified, users.created_at, users.updated_at 
FROM users 
WHERE users.email = ?
2026-08-08 23:20:39,312 INFO sqlalchemy.engine.Engine [cached since 1827s ago] ('harshanseliyan28@gmail.com',)
2026-08-08 23:20:39,317 INFO sqlalchemy.engine.Engine SELECT notifications.id, notifications.user_id, notifications.title, notifications.message, notifications.notification_type, notifications.is_read, notifications.action_url, notifications.created_at 
FROM notifications 
WHERE notifications.user_id = ? ORDER BY notifications.created_at DESC
 LIMIT ? OFFSET ?
2026-08-08 23:20:39,318 INFO sqlalchemy.engine.Engine [cached since 1827s ago] ('4796a7af3dad452e825d3bd45d386cca', 50, 0)
INFO:     127.0.0.1:22209 - "GET /api/notifications HTTP/1.1" 200 OK
2026-08-08 23:20:39,323 INFO sqlalchemy.engine.Engine ROLLBACK
2026-08-08 23:20:54,301 INFO sqlalchemy.engine.Engine BEGIN (implicit)
2026-08-08 23:20:54,303 INFO sqlalchemy.engine.Engine SELECT users.id, users.email, users.username, users.full_name, users.hashed_password, users.role, users.avatar_url, users.university, users.course, users.semester, users.education_level, users.occupation, users.domain, users.learning_mode, users.preferences, users.is_active, users.is_verified, users.created_at, users.updated_at 
FROM users 
WHERE users.email = ?
2026-08-08 23:20:54,303 INFO sqlalchemy.engine.Engine [cached since 1842s ago] ('harshanseliyan28@gmail.com',)
2026-08-08 23:20:54,306 INFO sqlalchemy.engine.Engine SELECT notifications.id, notifications.user_id, notifications.title, notifications.message, notifications.notification_type, notifications.is_read, notifications.action_url, notifications.created_at 
FROM notifications 
WHERE notifications.user_id = ? ORDER BY notifications.created_at DESC
 LIMIT ? OFFSET ?
2026-08-08 23:20:54,307 INFO sqlalchemy.engine.Engine [cached since 1842s ago] ('4796a7af3dad452e825d3bd45d386cca', 50, 0)
INFO:     127.0.0.1:26783 - "GET /api/notifications HTTP/1.1" 200 OK
2026-08-08 23:20:54,311 INFO sqlalchemy.engine.Engine ROLLBACK
2026-08-08 23:21:09,610 INFO sqlalchemy.engine.Engine BEGIN (implicit)
2026-08-08 23:21:09,611 INFO sqlalchemy.engine.Engine SELECT users.id, users.email, users.username, users.full_name, users.hashed_password, users.role, users.avatar_url, users.university, users.course, users.semester, users.education_level, users.occupation, users.domain, users.learning_mode, users.preferences, users.is_active, users.is_verified, users.created_at, users.updated_at 
FROM users 
WHERE users.email = ?
2026-08-08 23:21:09,612 INFO sqlalchemy.engine.Engine [cached since 1857s ago] ('harshanseliyan28@gmail.com',)
2026-08-08 23:21:09,616 INFO sqlalchemy.engine.Engine SELECT notifications.id, notifications.user_id, notifications.title, notifications.message, notifications.notification_type, notifications.is_read, notifications.action_url, notifications.created_at 
FROM notifications 
WHERE notifications.user_id = ? ORDER BY notifications.created_at DESC
 LIMIT ? OFFSET ?
2026-08-08 23:21:09,616 INFO sqlalchemy.engine.Engine [cached since 1857s ago] ('4796a7af3dad452e825d3bd45d386cca', 50, 0)
INFO:     127.0.0.1:53992 - "GET /api/notifications HTTP/1.1" 200 OK
2026-08-08 23:21:09,620 INFO sqlalchemy.engine.Engine ROLLBACK
2026-08-08 23:21:24,302 INFO sqlalchemy.engine.Engine BEGIN (implicit)
2026-08-08 23:21:24,320 INFO sqlalchemy.engine.Engine SELECT users.id, users.email, users.username, users.full_name, users.hashed_password, users.role, users.avatar_url, users.university, users.course, users.semester, users.education_level, users.occupation, users.domain, users.learning_mode, users.preferences, users.is_active, users.is_verified, users.created_at, users.updated_at 
FROM users 
WHERE users.email = ?
2026-08-08 23:21:24,320 INFO sqlalchemy.engine.Engine [cached since 1872s ago] ('harshanseliyan28@gmail.com',)
2026-08-08 23:21:24,324 INFO sqlalchemy.engine.Engine SELECT notifications.id, notifications.user_id, notifications.title, notifications.message, notifications.notification_type, notifications.is_read, notifications.action_url, notifications.created_at 
FROM notifications 
WHERE notifications.user_id = ? ORDER BY notifications.created_at DESC
 LIMIT ? OFFSET ?
2026-08-08 23:21:24,324 INFO sqlalchemy.engine.Engine [cached since 1872s ago] ('4796a7af3dad452e825d3bd45d386cca', 50, 0)
INFO:     127.0.0.1:4581 - "GET /api/notifications HTTP/1.1" 200 OK
2026-08-08 23:21:24,327 INFO sqlalchemy.engine.Engine ROLLBACK
2026-08-08 23:22:34,208 INFO sqlalchemy.engine.Engine BEGIN (implicit)
2026-08-08 23:22:34,209 INFO sqlalchemy.engine.Engine SELECT users.id, users.email, users.username, users.full_name, users.hashed_password, users.role, users.avatar_url, users.university, users.course, users.semester, users.education_level, users.occupation, users.domain, users.learning_mode, users.preferences, users.is_active, users.is_verified, users.created_at, users.updated_at 
FROM users 
WHERE users.email = ?
2026-08-08 23:22:34,209 INFO sqlalchemy.engine.Engine [cached since 1942s ago] ('harshanseliyan28@gmail.com',)
2026-08-08 23:22:34,212 INFO sqlalchemy.engine.Engine SELECT notifications.id, notifications.user_id, notifications.title, notifications.message, notifications.notification_type, notifications.is_read, notifications.action_url, notifications.created_at 
FROM notifications 
WHERE notifications.user_id = ? ORDER BY notifications.created_at DESC
 LIMIT ? OFFSET ?
2026-08-08 23:22:34,214 INFO sqlalchemy.engine.Engine [cached since 1942s ago] ('4796a7af3dad452e825d3bd45d386cca', 50, 0)
INFO:     127.0.0.1:11973 - "GET /api/notifications HTTP/1.1" 200 OK
2026-08-08 23:22:34,218 INFO sqlalchemy.engine.Engine ROLLBACK
2026-08-08 23:23:31,314 INFO sqlalchemy.engine.Engine BEGIN (implicit)
2026-08-08 23:23:31,315 INFO sqlalchemy.engine.Engine SELECT users.id, users.email, users.username, users.full_name, users.hashed_password, users.role, users.avatar_url, users.university, users.course, users.semester, users.education_level, users.occupation, users.domain, users.learning_mode, users.preferences, users.is_active, users.is_verified, users.created_at, users.updated_at 
FROM users 
WHERE users.email = ?
2026-08-08 23:23:31,316 INFO sqlalchemy.engine.Engine [cached since 1999s ago] ('harshanseliyan28@gmail.com',)
2026-08-08 23:23:31,320 INFO sqlalchemy.engine.Engine SELECT notifications.id, notifications.user_id, notifications.title, notifications.message, notifications.notification_type, notifications.is_read, notifications.action_url, notifications.created_at 
FROM notifications 
WHERE notifications.user_id = ? ORDER BY notifications.created_at DESC
 LIMIT ? OFFSET ?
2026-08-08 23:23:31,320 INFO sqlalchemy.engine.Engine [cached since 1999s ago] ('4796a7af3dad452e825d3bd45d386cca', 50, 0)
INFO:     127.0.0.1:40989 - "GET /api/notifications HTTP/1.1" 200 OK
2026-08-08 23:23:31,324 INFO sqlalchemy.engine.Engine ROLLBACK
2026-08-08 23:24:31,621 INFO sqlalchemy.engine.Engine BEGIN (implicit)
2026-08-08 23:24:31,623 INFO sqlalchemy.engine.Engine SELECT users.id, users.email, users.username, users.full_name, users.hashed_password, users.role, users.avatar_url, users.university, users.course, users.semester, users.education_level, users.occupation, users.domain, users.learning_mode, users.preferences, users.is_active, users.is_verified, users.created_at, users.updated_at 
FROM users 
WHERE users.email = ?
2026-08-08 23:24:31,623 INFO sqlalchemy.engine.Engine [cached since 2059s ago] ('harshanseliyan28@gmail.com',)
2026-08-08 23:24:31,626 INFO sqlalchemy.engine.Engine SELECT notifications.id, notifications.user_id, notifications.title, notifications.message, notifications.notification_type, notifications.is_read, notifications.action_url, notifications.created_at 
FROM notifications 
WHERE notifications.user_id = ? ORDER BY notifications.created_at DESC
 LIMIT ? OFFSET ?
2026-08-08 23:24:31,626 INFO sqlalchemy.engine.Engine [cached since 2059s ago] ('4796a7af3dad452e825d3bd45d386cca', 50, 0)
INFO:     127.0.0.1:48544 - "GET /api/notifications HTTP/1.1" 200 OK
2026-08-08 23:24:31,629 INFO sqlalchemy.engine.Engine ROLLBACK
2026-08-08 23:25:31,314 INFO sqlalchemy.engine.Engine BEGIN (implicit)
2026-08-08 23:25:31,316 INFO sqlalchemy.engine.Engine SELECT users.id, users.email, users.username, users.full_name, users.hashed_password, users.role, users.avatar_url, users.university, users.course, users.semester, users.education_level, users.occupation, users.domain, users.learning_mode, users.preferences, users.is_active, users.is_verified, users.created_at, users.updated_at 
FROM users 
WHERE users.email = ?
2026-08-08 23:25:31,316 INFO sqlalchemy.engine.Engine [cached since 2119s ago] ('harshanseliyan28@gmail.com',)
2026-08-08 23:25:31,323 INFO sqlalchemy.engine.Engine SELECT notifications.id, notifications.user_id, notifications.title, notifications.message, notifications.notification_type, notifications.is_read, notifications.action_url, notifications.created_at 
FROM notifications 
WHERE notifications.user_id = ? ORDER BY notifications.created_at DESC
 LIMIT ? OFFSET ?
2026-08-08 23:25:31,323 INFO sqlalchemy.engine.Engine [cached since 2119s ago] ('4796a7af3dad452e825d3bd45d386cca', 50, 0)
INFO:     127.0.0.1:50715 - "GET /api/notifications HTTP/1.1" 200 OK
2026-08-08 23:25:31,328 INFO sqlalchemy.engine.Engine ROLLBACK
2026-08-08 23:26:31,627 INFO sqlalchemy.engine.Engine BEGIN (implicit)
2026-08-08 23:26:31,628 INFO sqlalchemy.engine.Engine SELECT users.id, users.email, users.username, users.full_name, users.hashed_password, users.role, users.avatar_url, users.university, users.course, users.semester, users.education_level, users.occupation, users.domain, users.learning_mode, users.preferences, users.is_active, users.is_verified, users.created_at, users.updated_at 
FROM users 
WHERE users.email = ?
2026-08-08 23:26:31,629 INFO sqlalchemy.engine.Engine [cached since 2179s ago] ('harshanseliyan28@gmail.com',)
2026-08-08 23:26:31,632 INFO sqlalchemy.engine.Engine SELECT notifications.id, notifications.user_id, notifications.title, notifications.message, notifications.notification_type, notifications.is_read, notifications.action_url, notifications.created_at 
FROM notifications 
WHERE notifications.user_id = ? ORDER BY notifications.created_at DESC
 LIMIT ? OFFSET ?
2026-08-08 23:26:31,633 INFO sqlalchemy.engine.Engine [cached since 2179s ago] ('4796a7af3dad452e825d3bd45d386cca', 50, 0)
INFO:     127.0.0.1:43662 - "GET /api/notifications HTTP/1.1" 200 OK
2026-08-08 23:26:31,636 INFO sqlalchemy.engine.Engine ROLLBACK
2026-08-08 23:27:31,313 INFO sqlalchemy.engine.Engine BEGIN (implicit)
2026-08-08 23:27:31,314 INFO sqlalchemy.engine.Engine SELECT users.id, users.email, users.username, users.full_name, users.hashed_password, users.role, users.avatar_url, users.university, users.course, users.semester, users.education_level, users.occupation, users.domain, users.learning_mode, users.preferences, users.is_active, users.is_verified, users.created_at, users.updated_at 
FROM users 
WHERE users.email = ?
2026-08-08 23:27:31,315 INFO sqlalchemy.engine.Engine [cached since 2239s ago] ('harshanseliyan28@gmail.com',)
2026-08-08 23:27:31,319 INFO sqlalchemy.engine.Engine SELECT notifications.id, notifications.user_id, notifications.title, notifications.message, notifications.notification_type, notifications.is_read, notifications.action_url, notifications.created_at 
FROM notifications 
WHERE notifications.user_id = ? ORDER BY notifications.created_at DESC
 LIMIT ? OFFSET ?
2026-08-08 23:27:31,320 INFO sqlalchemy.engine.Engine [cached since 2239s ago] ('4796a7af3dad452e825d3bd45d386cca', 50, 0)
INFO:     127.0.0.1:19269 - "GET /api/notifications HTTP/1.1" 200 OK
2026-08-08 23:27:31,324 INFO sqlalchemy.engine.Engine ROLLBACK
2026-08-08 23:28:33,179 INFO sqlalchemy.engine.Engine BEGIN (implicit)
2026-08-08 23:28:33,179 INFO sqlalchemy.engine.Engine SELECT users.id, users.email, users.username, users.full_name, users.hashed_password, users.role, users.avatar_url, users.university, users.course, users.semester, users.education_level, users.occupation, users.domain, users.learning_mode, users.preferences, users.is_active, users.is_verified, users.created_at, users.updated_at 
FROM users 
WHERE users.email = ?
2026-08-08 23:28:33,180 INFO sqlalchemy.engine.Engine [cached since 2301s ago] ('harshanseliyan28@gmail.com',)
2026-08-08 23:28:33,183 INFO sqlalchemy.engine.Engine SELECT notifications.id, notifications.user_id, notifications.title, notifications.message, notifications.notification_type, notifications.is_read, notifications.action_url, notifications.created_at 
FROM notifications 
WHERE notifications.user_id = ? ORDER BY notifications.created_at DESC
 LIMIT ? OFFSET ?
2026-08-08 23:28:33,184 INFO sqlalchemy.engine.Engine [cached since 2301s ago] ('4796a7af3dad452e825d3bd45d386cca', 50, 0)
INFO:     127.0.0.1:57076 - "GET /api/notifications HTTP/1.1" 200 OK
2026-08-08 23:28:33,187 INFO sqlalchemy.engine.Engine ROLLBACK
INFO:     127.0.0.1:8597 - "OPTIONS /api/notifications HTTP/1.1" 200 OK
2026-08-08 23:29:32,447 INFO sqlalchemy.engine.Engine BEGIN (implicit)
2026-08-08 23:29:32,449 INFO sqlalchemy.engine.Engine SELECT users.id, users.email, users.username, users.full_name, users.hashed_password, users.role, users.avatar_url, users.university, users.course, users.semester, users.education_level, users.occupation, users.domain, users.learning_mode, users.preferences, users.is_active, users.is_verified, users.created_at, users.updated_at 
FROM users 
WHERE users.email = ?
2026-08-08 23:29:32,450 INFO sqlalchemy.engine.Engine [cached since 2360s ago] ('harshanseliyan28@gmail.com',)
2026-08-08 23:29:32,454 INFO sqlalchemy.engine.Engine SELECT notifications.id, notifications.user_id, notifications.title, notifications.message, notifications.notification_type, notifications.is_read, notifications.action_url, notifications.created_at 
FROM notifications 
WHERE notifications.user_id = ? ORDER BY notifications.created_at DESC
 LIMIT ? OFFSET ?
2026-08-08 23:29:32,455 INFO sqlalchemy.engine.Engine [cached since 2360s ago] ('4796a7af3dad452e825d3bd45d386cca', 50, 0)
INFO:     127.0.0.1:8597 - "GET /api/notifications HTTP/1.1" 200 OK
2026-08-08 23:29:32,459 INFO sqlalchemy.engine.Engine ROLLBACK
2026-08-08 23:30:31,315 INFO sqlalchemy.engine.Engine BEGIN (implicit)
2026-08-08 23:30:31,319 INFO sqlalchemy.engine.Engine SELECT users.id, users.email, users.username, users.full_name, users.hashed_password, users.role, users.avatar_url, users.university, users.course, users.semester, users.education_level, users.occupation, users.domain, users.learning_mode, users.preferences, users.is_active, users.is_verified, users.created_at, users.updated_at 
FROM users 
WHERE users.email = ?
2026-08-08 23:30:31,320 INFO sqlalchemy.engine.Engine [cached since 2419s ago] ('harshanseliyan28@gmail.com',)
2026-08-08 23:30:31,326 INFO sqlalchemy.engine.Engine SELECT notifications.id, notifications.user_id, notifications.title, notifications.message, notifications.notification_type, notifications.is_read, notifications.action_url, notifications.created_at 
FROM notifications 
WHERE notifications.user_id = ? ORDER BY notifications.created_at DESC
 LIMIT ? OFFSET ?
2026-08-08 23:30:31,327 INFO sqlalchemy.engine.Engine [cached since 2419s ago] ('4796a7af3dad452e825d3bd45d386cca', 50, 0)
INFO:     127.0.0.1:64411 - "GET /api/notifications HTTP/1.1" 200 OK
2026-08-08 23:30:31,333 INFO sqlalchemy.engine.Engine ROLLBACK
2026-08-08 23:31:31,655 INFO sqlalchemy.engine.Engine BEGIN (implicit)
2026-08-08 23:31:31,657 INFO sqlalchemy.engine.Engine SELECT users.id, users.email, users.username, users.full_name, users.hashed_password, users.role, users.avatar_url, users.university, users.course, users.semester, users.education_level, users.occupation, users.domain, users.learning_mode, users.preferences, users.is_active, users.is_verified, users.created_at, users.updated_at 
FROM users 
WHERE users.email = ?
2026-08-08 23:31:31,657 INFO sqlalchemy.engine.Engine [cached since 2479s ago] ('harshanseliyan28@gmail.com',)
2026-08-08 23:31:31,661 INFO sqlalchemy.engine.Engine SELECT notifications.id, notifications.user_id, notifications.title, notifications.message, notifications.notification_type, notifications.is_read, notifications.action_url, notifications.created_at 
FROM notifications 
WHERE notifications.user_id = ? ORDER BY notifications.created_at DESC
 LIMIT ? OFFSET ?
2026-08-08 23:31:31,662 INFO sqlalchemy.engine.Engine [cached since 2479s ago] ('4796a7af3dad452e825d3bd45d386cca', 50, 0)
INFO:     127.0.0.1:10264 - "GET /api/notifications HTTP/1.1" 200 OK
2026-08-08 23:31:31,667 INFO sqlalchemy.engine.Engine ROLLBACK
